donor,source_path,archive_path,classification,reason,bytes,sha256
AppForge,package.json,01_APPFORGE/build_and_dependency_reference/package.json,REFERENCE,"Original build/dependency configuration; inspect and adapt, do not install unchanged.",3350,29f8d218fb93b588ff03001783bdf0114545f4572ff323ba98b6e77c260e319b
AppForge,vite.config.ts,01_APPFORGE/build_and_dependency_reference/vite.config.ts,REFERENCE,"Original build/dependency configuration; inspect and adapt, do not install unchanged.",2129,1f2abdfc34b82d4575bfb5e2cd7e57392cdb8b16acc46dcd57a0bc1884d27d98
AppForge,tailwind.config.ts,01_APPFORGE/build_and_dependency_reference/tailwind.config.ts,REFERENCE,"Original build/dependency configuration; inspect and adapt, do not install unchanged.",4525,a0f9cded48d7521c833159fbb305fb191589033c75b721be1af315141d7a572b
AppForge,tsconfig.json,01_APPFORGE/build_and_dependency_reference/tsconfig.json,REFERENCE,"Original build/dependency configuration; inspect and adapt, do not install unchanged.",396,406e63e666958bb699aae6562e561a0cec963ee3dfe771c644ace7d97304974f
AppForge,tsconfig.app.json,01_APPFORGE/build_and_dependency_reference/tsconfig.app.json,REFERENCE,"Original build/dependency configuration; inspect and adapt, do not install unchanged.",635,b358b1b595f2c31d2d4461046fa57ae416283072909bcfa13feb14d41124978c
AppForge,tsconfig.node.json,01_APPFORGE/build_and_dependency_reference/tsconfig.node.json,REFERENCE,"Original build/dependency configuration; inspect and adapt, do not install unchanged.",481,a96b9ba5e40d95b92adf56431fdf9cbe25b5c2557621f0666615bff6889dfc50
AppForge,components.json,01_APPFORGE/build_and_dependency_reference/components.json,REFERENCE,"Original build/dependency configuration; inspect and adapt, do not install unchanged.",414,9820835141c54e5b5dfbb68b3c3790db73c9ebfb967884ae3fccd058d698a1a6
AppForge,capacitor.config.ts,01_APPFORGE/build_and_dependency_reference/capacitor.config.ts,REFERENCE,"Original build/dependency configuration; inspect and adapt, do not install unchanged.",319,d76191a93b131130bfb1c87d942555713c7d765602986280c699060598e0e231
AppForge,codemagic.yaml,01_APPFORGE/build_and_dependency_reference/codemagic.yaml,REFERENCE,"Original build/dependency configuration; inspect and adapt, do not install unchanged.",13302,937c6e57ef82e4728f17ff637f05a80f3641b0b7249d7ea3cdf03ffe411b883e
AppForge,src/components/builder/AIAssistant.tsx,01_APPFORGE/adapt_required/src/components/builder/AIAssistant.tsx,ADAPT,Useful assistant UI pattern but directly coupled to donor AI/Supabase authority.,26430,1d6e371078dd96bbdfec595cb527690e3c29b904c066b4f2fea8d78befdfaddd
AppForge,src/components/builder/AppetizePreview.tsx,01_APPFORGE/reuse_candidates/src/components/builder/AppetizePreview.tsx,REUSE_CANDIDATE,"Builder, preview, branding, navigation, build-status, or asset UI candidate.",8094,1d266ac971849128c2fedecc1d9e6334b99c5dc0f8a15b3bd3f57b8b8e55fc67
AppForge,src/components/builder/AppleIcon.tsx,01_APPFORGE/reuse_candidates/src/components/builder/AppleIcon.tsx,REUSE_CANDIDATE,"Builder, preview, branding, navigation, build-status, or asset UI candidate.",724,6edfc71049dc61dcb59843d9d09af0934d5229b3d2346e8ddfb716a0eb4f1777
AppForge,src/components/builder/BuildComparison.tsx,01_APPFORGE/reuse_candidates/src/components/builder/BuildComparison.tsx,REUSE_CANDIDATE,"Builder, preview, branding, navigation, build-status, or asset UI candidate.",16772,1a95d3c93fe46926f1bdbe4c6bfeb25887aa664a72c501d0bbf0226c2996c6c6
AppForge,src/components/builder/BuildDetailsDrawer.tsx,01_APPFORGE/reuse_candidates/src/components/builder/BuildDetailsDrawer.tsx,REUSE_CANDIDATE,"Builder, preview, branding, navigation, build-status, or asset UI candidate.",15565,8c792b2a472b1a00f6ad7ed42144e0b0adaccb67ef2add1e3263e93b9106bc71
AppForge,src/components/builder/BuildHistory.tsx,01_APPFORGE/reuse_candidates/src/components/builder/BuildHistory.tsx,REUSE_CANDIDATE,"Builder, preview, branding, navigation, build-status, or asset UI candidate.",19530,edd77f616f6d2e778feebdddbeebc5efcb0163c996ea7bcc629c90aa23c71aa4
AppForge,src/components/builder/BuildProgressAnimation.tsx,01_APPFORGE/reuse_candidates/src/components/builder/BuildProgressAnimation.tsx,REUSE_CANDIDATE,"Builder, preview, branding, navigation, build-status, or asset UI candidate.",5704,f1bd2c795267147f9b3f56ca7e3006edff64088f866a480e9419dd80f4081973
AppForge,src/components/builder/BuildQueue.tsx,01_APPFORGE/reuse_candidates/src/components/builder/BuildQueue.tsx,REUSE_CANDIDATE,"Builder, preview, branding, navigation, build-status, or asset UI candidate.",5756,61ebd7225c9dc0a222688f10b3596efb06f8728df3df0be96a2535aaff5d11c0
AppForge,src/components/builder/BuildStep.tsx,01_APPFORGE/reuse_candidates/src/components/builder/BuildStep.tsx,REUSE_CANDIDATE,"Builder, preview, branding, navigation, build-status, or asset UI candidate.",89702,843aef8e355f5161ed9c4fffc49146b6c82d1f5cc6fb86eb286e7277aa245a69
AppForge,src/components/builder/BuilderProgress.tsx,01_APPFORGE/reuse_candidates/src/components/builder/BuilderProgress.tsx,REUSE_CANDIDATE,"Builder, preview, branding, navigation, build-status, or asset UI candidate.",6063,badedccf7740daaf533af31c79f60ec794cbbf70938367e28339fbabab16f4ef
AppForge,src/components/builder/ConfigureStep.tsx,01_APPFORGE/reuse_candidates/src/components/builder/ConfigureStep.tsx,REUSE_CANDIDATE,"Builder, preview, branding, navigation, build-status, or asset UI candidate.",36919,15644f3e71e866f397e7432235172b3e1a4096e4aaf2be9f37f21cadacad65af
AppForge,src/components/builder/DeviceComparisonMode.tsx,01_APPFORGE/reuse_candidates/src/components/builder/DeviceComparisonMode.tsx,REUSE_CANDIDATE,"Builder, preview, branding, navigation, build-status, or asset UI candidate.",19771,39734f6df5bba69e4122ed389422c01489ac5e7923b43bc1b5bdc76b076d40df
AppForge,src/components/builder/DeviceRotationIndicator.tsx,01_APPFORGE/reuse_candidates/src/components/builder/DeviceRotationIndicator.tsx,REUSE_CANDIDATE,"Builder, preview, branding, navigation, build-status, or asset UI candidate.",1696,2b43f7eebbd0f42f166313bbfc839771138773ed2c76a27898e42effed08d247
AppForge,src/components/builder/KeyboardShortcutsHelp.tsx,01_APPFORGE/reuse_candidates/src/components/builder/KeyboardShortcutsHelp.tsx,REUSE_CANDIDATE,"Builder, preview, branding, navigation, build-status, or asset UI candidate.",1863,3f09846c761bfb4b94c343dfedd2dac95ed26bc085aba38ea17c274928b8e22a
AppForge,src/components/builder/PlatformCard.tsx,01_APPFORGE/reuse_candidates/src/components/builder/PlatformCard.tsx,REUSE_CANDIDATE,"Builder, preview, branding, navigation, build-status, or asset UI candidate.",4622,12b8fde248de6bce4b33849a6738fd2fbc31080a4786d03687ef76dbf1707172
AppForge,src/components/builder/PreviewStep.tsx,01_APPFORGE/reuse_candidates/src/components/builder/PreviewStep.tsx,REUSE_CANDIDATE,"Builder, preview, branding, navigation, build-status, or asset UI candidate.",71712,c65db12596ac6233878e84a87130aa3d9b5a6ec0c5af296306ae2194c035f828
AppForge,src/components/builder/PushNotificationSetup.tsx,01_APPFORGE/reuse_candidates/src/components/builder/PushNotificationSetup.tsx,REUSE_CANDIDATE,"Builder, preview, branding, navigation, build-status, or asset UI candidate.",2669,6e43253f0315a3a1d99e5b15038be21527211abd1e67247d32f53cf2b873b6e6
AppForge,src/components/builder/QuickActions.tsx,01_APPFORGE/reuse_candidates/src/components/builder/QuickActions.tsx,REUSE_CANDIDATE,"Builder, preview, branding, navigation, build-status, or asset UI candidate.",2795,4145e642316a32bffd0400b897eb3dfe12eb5a3f4ab6382d5d6dd02df887ff49
AppForge,src/components/builder/TemplatesGallery.tsx,01_APPFORGE/reuse_candidates/src/components/builder/TemplatesGallery.tsx,REUSE_CANDIDATE,"Builder, preview, branding, navigation, build-status, or asset UI candidate.",28051,3144bf0be8842f96c77875614bb42b466a02b073dc7d052bb1fbaf781de40148
AppForge,src/components/builder/UrlInputStep.tsx,01_APPFORGE/reuse_candidates/src/components/builder/UrlInputStep.tsx,REUSE_CANDIDATE,"Builder, preview, branding, navigation, build-status, or asset UI candidate.",19560,a7a9467eea195ac2759c64d34cf915a8b8064ea15aa14eb88fedfe404d88cdca
AppForge,src/components/builder/configure/AIBadge.tsx,01_APPFORGE/reuse_candidates/src/components/builder/configure/AIBadge.tsx,REUSE_CANDIDATE,"Builder, preview, branding, navigation, build-status, or asset UI candidate.",265,9defb3d102ac1f640d0ac61596db03ddae5aae3219a4862aae99910793ca8201
AppForge,src/components/builder/configure/CollapsibleSection.tsx,01_APPFORGE/reuse_candidates/src/components/builder/configure/CollapsibleSection.tsx,REUSE_CANDIDATE,"Builder, preview, branding, navigation, build-status, or asset UI candidate.",2280,b86ffa4a9f7c44b054b6389a7f29db493b73c7fd1c6b9ddb5904a381f98af1d9
AppForge,src/components/builder/configure/ColorPicker.tsx,01_APPFORGE/reuse_candidates/src/components/builder/configure/ColorPicker.tsx,REUSE_CANDIDATE,"Builder, preview, branding, navigation, build-status, or asset UI candidate.",2073,0121b46de382bafaa659d823358ad8b1736905fccd84cb27258a27e71d55817f
AppForge,src/components/builder/configure/FeatureSelector.tsx,01_APPFORGE/reuse_candidates/src/components/builder/configure/FeatureSelector.tsx,REUSE_CANDIDATE,"Builder, preview, branding, navigation, build-status, or asset UI candidate.",1892,bfffc5e0a3557069fe995d88267cd2fd990f372a36851e8741bbbfd93c578b59
AppForge,src/components/builder/configure/IconStyleSelector.tsx,01_APPFORGE/reuse_candidates/src/components/builder/configure/IconStyleSelector.tsx,REUSE_CANDIDATE,"Builder, preview, branding, navigation, build-status, or asset UI candidate.",7682,ba49a368664b981a2895f2a24531ee5e2e0cd4e7ecc47262203ef452471eb631
AppForge,src/components/builder/configure/MiniPhonePreview.tsx,01_APPFORGE/reuse_candidates/src/components/builder/configure/MiniPhonePreview.tsx,REUSE_CANDIDATE,"Builder, preview, branding, navigation, build-status, or asset UI candidate.",11196,34a2ecb2243c7eb6b7cf7292139846be5eae00b6aa75030215c8dcf60cdedaaa
AppForge,src/components/builder/configure/NavItemEditor.tsx,01_APPFORGE/reuse_candidates/src/components/builder/configure/NavItemEditor.tsx,REUSE_CANDIDATE,"Builder, preview, branding, navigation, build-status, or asset UI candidate.",14150,5d59df017909e080db7f80e620f74e1280d86d8eb78308ea1ce0dc90ab3e6ecc
AppForge,src/components/builder/configure/NavigationStyleSelector.tsx,01_APPFORGE/reuse_candidates/src/components/builder/configure/NavigationStyleSelector.tsx,REUSE_CANDIDATE,"Builder, preview, branding, navigation, build-status, or asset UI candidate.",18748,d1a46cce57eef35b6f090f0667464a65eaec2f172ceb42649b8da8b88633fd93
AppForge,src/components/builder/configure/PhoneMockup.tsx,01_APPFORGE/reuse_candidates/src/components/builder/configure/PhoneMockup.tsx,REUSE_CANDIDATE,"Builder, preview, branding, navigation, build-status, or asset UI candidate.",18447,41463138e11b25f05c156bde0037785d5046ca2e3e856e4755a36639b8c4f767
AppForge,src/components/builder/configure/ProjectAssetsUploader.tsx,01_APPFORGE/reuse_candidates/src/components/builder/configure/ProjectAssetsUploader.tsx,REUSE_CANDIDATE,"Builder, preview, branding, navigation, build-status, or asset UI candidate.",10170,79034de87d70ace6acc5e1f31fd0f0576556db169839679b3b8b2870ebbd9dbb
AppForge,src/components/builder/configure/ShimmerSkeleton.tsx,01_APPFORGE/reuse_candidates/src/components/builder/configure/ShimmerSkeleton.tsx,REUSE_CANDIDATE,"Builder, preview, branding, navigation, build-status, or asset UI candidate.",383,f9cab821f28f7bfff2d074e3465e0299f1b7cb8973f37188a8324a60f01f00e4
AppForge,src/components/builder/configure/SplashScreenSelector.tsx,01_APPFORGE/reuse_candidates/src/components/builder/configure/SplashScreenSelector.tsx,REUSE_CANDIDATE,"Builder, preview, branding, navigation, build-status, or asset UI candidate.",10149,6eaf29ae01ef211710468dce461eb93ee8933b18cbfabc8a9aba4019b821d50a
AppForge,src/components/builder/configure/TemplateItem.tsx,01_APPFORGE/reuse_candidates/src/components/builder/configure/TemplateItem.tsx,REUSE_CANDIDATE,"Builder, preview, branding, navigation, build-status, or asset UI candidate.",3192,c76df0ba8ef49e9535eebbe8934262feb0433d13eee7c601279b026892013684
AppForge,src/components/builder/configure/TemplatePreview.tsx,01_APPFORGE/reuse_candidates/src/components/builder/configure/TemplatePreview.tsx,REUSE_CANDIDATE,"Builder, preview, branding, navigation, build-status, or asset UI candidate.",3895,83ea6a3456eb054cbe6373c01f029c6c1cf4bcb4aa92d24d3ca6716549f7efdc
AppForge,src/components/builder/configure/index.ts,01_APPFORGE/reuse_candidates/src/components/builder/configure/index.ts,REUSE_CANDIDATE,"Builder, preview, branding, navigation, build-status, or asset UI candidate.",1031,ae91f2e26f199203dce7bcc71d289d5ca0cfc31a39e6d40fb27ccff6528fee5b
AppForge,src/components/builder/configure/presetTemplates.ts,01_APPFORGE/reuse_candidates/src/components/builder/configure/presetTemplates.ts,REUSE_CANDIDATE,"Builder, preview, branding, navigation, build-status, or asset UI candidate.",6036,1e8696a46e729eec97224a35e153a4d0278f9dcce799fffcf7461ff76a78632a
AppForge,src/components/ui/accordion.tsx,01_APPFORGE/reuse_candidates/src/components/ui/accordion.tsx,REUSE_CANDIDATE,Reusable React UI primitive required by builder components.,1976,9587b5ca80cf0aa68bc2a4e6baacebbe07eab14e1c66c6b6420033aeca9219d1
AppForge,src/components/ui/alert-dialog.tsx,01_APPFORGE/reuse_candidates/src/components/ui/alert-dialog.tsx,REUSE_CANDIDATE,Reusable React UI primitive required by builder components.,4313,c8b01137c7552e63c9ccf2c38ef92e5417bd6616b6980d56d3015db027465283
AppForge,src/components/ui/alert.tsx,01_APPFORGE/reuse_candidates/src/components/ui/alert.tsx,REUSE_CANDIDATE,Reusable React UI primitive required by builder components.,1546,6352c232d36b2aeb20cce9692fecd98a472c8bb0b8c3f8a45446c433382e2da7
AppForge,src/components/ui/avatar.tsx,01_APPFORGE/reuse_candidates/src/components/ui/avatar.tsx,REUSE_CANDIDATE,Reusable React UI primitive required by builder components.,1365,4a8bc00e5514912c54d414e207266fa100906aec2754d590adcc8ccc46d4c5c9
AppForge,src/components/ui/badge.tsx,01_APPFORGE/reuse_candidates/src/components/ui/badge.tsx,REUSE_CANDIDATE,Reusable React UI primitive required by builder components.,1179,8e19e12d7dc0aa2749cbebcf558276451b0f44979d7fcc3d0eda47a46a33585a
AppForge,src/components/ui/button.tsx,01_APPFORGE/reuse_candidates/src/components/ui/button.tsx,REUSE_CANDIDATE,Reusable React UI primitive required by builder components.,2277,3df06f238bf658547940769f8aae0866218e0fa5642e46623da179d4504efc73
AppForge,src/components/ui/card.tsx,01_APPFORGE/reuse_candidates/src/components/ui/card.tsx,REUSE_CANDIDATE,Reusable React UI primitive required by builder components.,1785,bdfb74248321c52e89c2129d9d8088a56a3e33dd7850a7c9b0563a7b5ac937a0
AppForge,src/components/ui/chart.tsx,01_APPFORGE/reuse_candidates/src/components/ui/chart.tsx,REUSE_CANDIDATE,Reusable React UI primitive required by builder components.,9987,a759d32aa240fa6e929f204b04252e45d6ae458558eebd37dccf4ae9e05ab5e2
AppForge,src/components/ui/checkbox.tsx,01_APPFORGE/reuse_candidates/src/components/ui/checkbox.tsx,REUSE_CANDIDATE,Reusable React UI primitive required by builder components.,1056,9496a127f462c7abb6cbace0760241e716fb1408ef3419e20493f4de9cca10dc
AppForge,src/components/ui/collapsible.tsx,01_APPFORGE/reuse_candidates/src/components/ui/collapsible.tsx,REUSE_CANDIDATE,Reusable React UI primitive required by builder components.,320,fbe07841b794e0d7d08e87ddaaafadf1dc0c63ecc8389cd2c5b4a0a3f5500df1
AppForge,src/components/ui/content-skeleton.tsx,01_APPFORGE/reuse_candidates/src/components/ui/content-skeleton.tsx,REUSE_CANDIDATE,Reusable React UI primitive required by builder components.,4385,6712741f2e6c4877cfcda2484d4cdfbe10856c61219c585fcac90b5232fbbd78
AppForge,src/components/ui/dialog.tsx,01_APPFORGE/reuse_candidates/src/components/ui/dialog.tsx,REUSE_CANDIDATE,Reusable React UI primitive required by builder components.,3761,8e755711b3fd5e8d7339baea7627da546293fe2df1a88775729c2857e0de4b57
AppForge,src/components/ui/dropdown-menu.tsx,01_APPFORGE/reuse_candidates/src/components/ui/dropdown-menu.tsx,REUSE_CANDIDATE,Reusable React UI primitive required by builder components.,7260,b1ede0a4144b64853dc7ba62d184c09df479482eada86f936ce5b3d0b67a9a19
AppForge,src/components/ui/file-upload.tsx,01_APPFORGE/reuse_candidates/src/components/ui/file-upload.tsx,REUSE_CANDIDATE,Reusable React UI primitive required by builder components.,13563,b5faca9cb4e27bd00356d908fcba8960112c5ed6f2b5e6ef6e6c4c2cae03a568
AppForge,src/components/ui/form.tsx,01_APPFORGE/reuse_candidates/src/components/ui/form.tsx,REUSE_CANDIDATE,Reusable React UI primitive required by builder components.,4014,7f6f3b157f0c08880937ae41d5e61647703c7163c3d8444656de711fb0576faf
AppForge,src/components/ui/hover-card.tsx,01_APPFORGE/reuse_candidates/src/components/ui/hover-card.tsx,REUSE_CANDIDATE,Reusable React UI primitive required by builder components.,1193,8d606e166ef5f9bc4fc3efb1f6ce2f4bb376177a2c6fef16f67f87ad2d13d005
AppForge,src/components/ui/input.tsx,01_APPFORGE/reuse_candidates/src/components/ui/input.tsx,REUSE_CANDIDATE,Reusable React UI primitive required by builder components.,799,aacef8933fe99ab553e12a82c874a23c97e2b5602eb6f00018454fa0a8d4f7f2
AppForge,src/components/ui/label.tsx,01_APPFORGE/reuse_candidates/src/components/ui/label.tsx,REUSE_CANDIDATE,Reusable React UI primitive required by builder components.,696,d5dc9497cbb28a5401b864bd44a15f010c302584fbe8e07e015dbe443f103753
AppForge,src/components/ui/loading-spinner.tsx,01_APPFORGE/reuse_candidates/src/components/ui/loading-spinner.tsx,REUSE_CANDIDATE,Reusable React UI primitive required by builder components.,1017,4268328ad687335411f894f837253a3bd1d7437a40bec6be5c2eb5d8fa82c151
AppForge,src/components/ui/pagination-controls.tsx,01_APPFORGE/reuse_candidates/src/components/ui/pagination-controls.tsx,REUSE_CANDIDATE,Reusable React UI primitive required by builder components.,3896,a964db999bbc6fb2dd862efd9148e2213b103e8d3b1a9c1ab87e43889414e80d
AppForge,src/components/ui/password-strength-indicator.tsx,01_APPFORGE/reuse_candidates/src/components/ui/password-strength-indicator.tsx,REUSE_CANDIDATE,Reusable React UI primitive required by builder components.,2693,3a88025d3ebef1ff98357176a4acaaecead259a9bf8ea969b0d14823ef7f3079
AppForge,src/components/ui/popover.tsx,01_APPFORGE/reuse_candidates/src/components/ui/popover.tsx,REUSE_CANDIDATE,Reusable React UI primitive required by builder components.,1239,ee5f78ece57c9e8eb5f9b4186e2bb9ebe46b69b52f03f1edd9a601883bc64772
AppForge,src/components/ui/progress.tsx,01_APPFORGE/reuse_candidates/src/components/ui/progress.tsx,REUSE_CANDIDATE,Reusable React UI primitive required by builder components.,765,bdc4847f05de3aea1276966e0df9b4a293297f0ca7d7b430a1cb16cf5626728f
AppForge,src/components/ui/radio-group.tsx,01_APPFORGE/reuse_candidates/src/components/ui/radio-group.tsx,REUSE_CANDIDATE,Reusable React UI primitive required by builder components.,1447,995ec983735b204597f11ae5dd22ba0175dfc633da2ddecf222847bbca387adb
AppForge,src/components/ui/scroll-area.tsx,01_APPFORGE/reuse_candidates/src/components/ui/scroll-area.tsx,REUSE_CANDIDATE,Reusable React UI primitive required by builder components.,1608,998181a10164aa6e508210064ba61b2f772a92958d7bb2141867007f0ebd9783
AppForge,src/components/ui/select.tsx,01_APPFORGE/reuse_candidates/src/components/ui/select.tsx,REUSE_CANDIDATE,Reusable React UI primitive required by builder components.,5575,a2b62120a033b36c8d6c4a1693aa9231645fa69251740e15eacec24c1eea4d82
AppForge,src/components/ui/separator.tsx,01_APPFORGE/reuse_candidates/src/components/ui/separator.tsx,REUSE_CANDIDATE,Reusable React UI primitive required by builder components.,698,6c271e740c3d7b54947bb727383e5355788f0176b7b683c3bb970cad9883dded
AppForge,src/components/ui/sheet.tsx,01_APPFORGE/reuse_candidates/src/components/ui/sheet.tsx,REUSE_CANDIDATE,Reusable React UI primitive required by builder components.,4197,e7d726b34d0f3214f597a844c7f2c4fc869933f7433eddb74e7fd2eb92500be3
AppForge,src/components/ui/skeleton.tsx,01_APPFORGE/reuse_candidates/src/components/ui/skeleton.tsx,REUSE_CANDIDATE,Reusable React UI primitive required by builder components.,234,a229c310b9cbcb01ddd5e580865a6f14a19061aff7f6a97ef82a40b6a83583a4
AppForge,src/components/ui/slider.tsx,01_APPFORGE/reuse_candidates/src/components/ui/slider.tsx,REUSE_CANDIDATE,Reusable React UI primitive required by builder components.,1065,b81a683197551322cd8f13653bc955ad4c3bca6fe62376d33acb2bcd04361d02
AppForge,src/components/ui/sonner.tsx,01_APPFORGE/reuse_candidates/src/components/ui/sonner.tsx,REUSE_CANDIDATE,Reusable React UI primitive required by builder components.,877,720fa5658777a469a3096e2fbb59b8f3453c744aab53a35d9ad47c873177b4ca
AppForge,src/components/ui/switch.tsx,01_APPFORGE/reuse_candidates/src/components/ui/switch.tsx,REUSE_CANDIDATE,Reusable React UI primitive required by builder components.,1147,99cda942c2d215d8f25dd33ae06ed1278bcf912b262ed0e907b04f35881ac507
AppForge,src/components/ui/table.tsx,01_APPFORGE/reuse_candidates/src/components/ui/table.tsx,REUSE_CANDIDATE,Reusable React UI primitive required by builder components.,2748,6fff4369e6da4638ed5f8c656805926eeb86caf379735a13a93eaa21c89ce7ed
AppForge,src/components/ui/tabs.tsx,01_APPFORGE/reuse_candidates/src/components/ui/tabs.tsx,REUSE_CANDIDATE,Reusable React UI primitive required by builder components.,1897,b313d08a8c85e586a282b615cf30ce0b6ec1eca3ea92149b731f14b4082f4d71
AppForge,src/components/ui/textarea.tsx,01_APPFORGE/reuse_candidates/src/components/ui/textarea.tsx,REUSE_CANDIDATE,Reusable React UI primitive required by builder components.,751,2f5b24d28dc5c41817ca69653a396adcb2fe495200f8184777d086a62fc70461
AppForge,src/components/ui/toast.tsx,01_APPFORGE/reuse_candidates/src/components/ui/toast.tsx,REUSE_CANDIDATE,Reusable React UI primitive required by builder components.,4798,8f4db67ae4633904c3cccee6629a1061472bb23f5368e5b7e72a306cc494f9d3
AppForge,src/components/ui/toaster.tsx,01_APPFORGE/reuse_candidates/src/components/ui/toaster.tsx,REUSE_CANDIDATE,Reusable React UI primitive required by builder components.,730,600d661340ddc3ee7b5f9088684e1b3072cf60c9275b2f84bf4860dc29fe0fba
AppForge,src/components/ui/tooltip.tsx,01_APPFORGE/reuse_candidates/src/components/ui/tooltip.tsx,REUSE_CANDIDATE,Reusable React UI primitive required by builder components.,1155,bd9361649477cf9496f4b48415a2eafb9ae1ebca81af58a29b61b1516adc88c1
AppForge,src/components/AppPreviewDialog.tsx,01_APPFORGE/reuse_candidates/src/components/AppPreviewDialog.tsx,REUSE_CANDIDATE,"Supports builder workspace, native capability integration, preview, theme, or asset handling.",7403,d517d5b3a64da0543e0dad6f2f7592c0540a31ccd45b40f545d706c431288700
AppForge,src/components/ImageOptimizationDialog.tsx,01_APPFORGE/reuse_candidates/src/components/ImageOptimizationDialog.tsx,REUSE_CANDIDATE,"Supports builder workspace, native capability integration, preview, theme, or asset handling.",14702,c85571ec0c04d3431d1c23e57034e62e484689a0926cfc2e4b8608e4f1dc7f1a
AppForge,src/components/QRDownloadDialog.tsx,01_APPFORGE/reuse_candidates/src/components/QRDownloadDialog.tsx,REUSE_CANDIDATE,"Supports builder workspace, native capability integration, preview, theme, or asset handling.",3440,10eeac4d5f00f9c881c8478f2ce6e705cc15db62fe0f5ee3d09c902bb674adc6
AppForge,src/components/MobileBottomNav.tsx,01_APPFORGE/reuse_candidates/src/components/MobileBottomNav.tsx,REUSE_CANDIDATE,"Supports builder workspace, native capability integration, preview, theme, or asset handling.",3837,790c14d54111697681ee997d465760a7a903ffb0d2ae9f040500cc8ce99b969c
AppForge,src/components/PageHeader.tsx,01_APPFORGE/reuse_candidates/src/components/PageHeader.tsx,REUSE_CANDIDATE,"Supports builder workspace, native capability integration, preview, theme, or asset handling.",1687,454a8fe19919927889b0fcacdca3fe3cbd18a19555dbaca306a4bba002a93470
AppForge,src/components/ThemeProvider.tsx,01_APPFORGE/reuse_candidates/src/components/ThemeProvider.tsx,REUSE_CANDIDATE,"Supports builder workspace, native capability integration, preview, theme, or asset handling.",989,5443467a8bac560ef9fff621ded7d0abac158217d67250a29ca7ade82547edd8
AppForge,src/components/ThemeToggle.tsx,01_APPFORGE/reuse_candidates/src/components/ThemeToggle.tsx,REUSE_CANDIDATE,"Supports builder workspace, native capability integration, preview, theme, or asset handling.",1208,054ce69a71884c078e81042eceea8b72ef6df24497ade03a850097c8627ff53c
AppForge,src/components/ThemeAwareLogo.tsx,01_APPFORGE/reuse_candidates/src/components/ThemeAwareLogo.tsx,REUSE_CANDIDATE,"Supports builder workspace, native capability integration, preview, theme, or asset handling.",1302,daac00b022e43087880de7b4af579f9d9f49a97adadc4b8b91bea5c095c56ed5
AppForge,src/pages/AppBuilder.tsx,01_APPFORGE/reuse_candidates/src/pages/AppBuilder.tsx,REUSE_CANDIDATE,"Supports builder workspace, native capability integration, preview, theme, or asset handling.",5835,1ca33aed09d326c9e0983e27c91a87d596ae9be2b046b1cfffd198a0e6ef2f28
AppForge,src/pages/BuildHistory.tsx,01_APPFORGE/reuse_candidates/src/pages/BuildHistory.tsx,REUSE_CANDIDATE,"Supports builder workspace, native capability integration, preview, theme, or asset handling.",23039,3593c993d6f1c5b47bfda6ab44934d3e4465bc4df82146d07ad33869d426ee1d
AppForge,src/pages/Install.tsx,01_APPFORGE/reuse_candidates/src/pages/Install.tsx,REUSE_CANDIDATE,"Supports builder workspace, native capability integration, preview, theme, or asset handling.",14641,1a6a2787220ef8c10ec3dd13c5bf69d37c14c0720ac13530c52f49b9835ecc78
AppForge,src/pages/StyleGuide.tsx,01_APPFORGE/reuse_candidates/src/pages/StyleGuide.tsx,REUSE_CANDIDATE,"Supports builder workspace, native capability integration, preview, theme, or asset handling.",29755,9bbd757076b8193eaf86e52fdbc3418eab3fe7756c8c3df779d49da1399b88f0
AppForge,src/config/platforms.ts,01_APPFORGE/reuse_candidates/src/config/platforms.ts,REUSE_CANDIDATE,"Supports builder workspace, native capability integration, preview, theme, or asset handling.",3535,b1999cfaaa8198bc7c5064e9862138a9236f556cbd3451d5db5105bf21263448
AppForge,src/types/platforms.ts,01_APPFORGE/reuse_candidates/src/types/platforms.ts,REUSE_CANDIDATE,"Supports builder workspace, native capability integration, preview, theme, or asset handling.",1166,7a3d575b7dc3a2fe19cfe612bf547b8f5ddaef57b06c1c30ae4f0fdaee46f2ea
AppForge,src/stores/useAppStore.ts,01_APPFORGE/reuse_candidates/src/stores/useAppStore.ts,REUSE_CANDIDATE,"Supports builder workspace, native capability integration, preview, theme, or asset handling.",3239,53f21c6a3f1dd35216921b2a78427fd434f8d77dd0d7461f062d24cb729348ed
AppForge,src/stores/useThemeStore.ts,01_APPFORGE/reuse_candidates/src/stores/useThemeStore.ts,REUSE_CANDIDATE,"Supports builder workspace, native capability integration, preview, theme, or asset handling.",1899,031ef0d6719ee1f0b4f3dc36d51fe718a5e2aef1a4a0603760cbc8f432ba2dc9
AppForge,src/stores/useUserPreferencesStore.ts,01_APPFORGE/reuse_candidates/src/stores/useUserPreferencesStore.ts,REUSE_CANDIDATE,"Supports builder workspace, native capability integration, preview, theme, or asset handling.",3495,0adb3f7da79bd78927521d73e2bbd2b14d04ad3c70e4ff699da75fc5c84ae06a
AppForge,src/utils/buildTimeEstimate.ts,01_APPFORGE/reuse_candidates/src/utils/buildTimeEstimate.ts,REUSE_CANDIDATE,"Supports builder workspace, native capability integration, preview, theme, or asset handling.",2388,b867ff2015c17fa074b7a139cddfa54d936eeaab0262759db00b1fafa3136fcc
AppForge,src/lib/image-optimization.ts,01_APPFORGE/reuse_candidates/src/lib/image-optimization.ts,REUSE_CANDIDATE,"Supports builder workspace, native capability integration, preview, theme, or asset handling.",6557,8508891d94ade8a0aa9436cefb0312d2d80239d1519a1f8fd0707dd140cb2d97
AppForge,src/lib/android-binary-xml.ts,01_APPFORGE/reuse_candidates/src/lib/android-binary-xml.ts,REUSE_CANDIDATE,"Supports builder workspace, native capability integration, preview, theme, or asset handling.",11069,5f8a4d3cbaf9f4a981862981ad20d030a63735861c7f649e78192ac875dbb199
AppForge,src/lib/utils.ts,01_APPFORGE/reuse_candidates/src/lib/utils.ts,REUSE_CANDIDATE,"Supports builder workspace, native capability integration, preview, theme, or asset handling.",169,d1f1e0d62cb8d8d1e04c26e14de842d8a151f75812d81b046c65b5d1fe8e4b27
AppForge,src/hooks/use-mobile.tsx,01_APPFORGE/reuse_candidates/src/hooks/use-mobile.tsx,REUSE_CANDIDATE,"Supports builder workspace, native capability integration, preview, theme, or asset handling.",576,21eff740f9e5c965c7f0782925a7e8f67ddfcdf0f58b6613550f99c3e1c454e9
AppForge,src/hooks/use-toast.ts,01_APPFORGE/reuse_candidates/src/hooks/use-toast.ts,REUSE_CANDIDATE,"Supports builder workspace, native capability integration, preview, theme, or asset handling.",3935,0602ac84d95719f2a27075ce60333db73128e09c0b07365dce7f9c77441c9d7c
AppForge,src/hooks/useBuildQueue.ts,01_APPFORGE/reuse_candidates/src/hooks/useBuildQueue.ts,REUSE_CANDIDATE,"Supports builder workspace, native capability integration, preview, theme, or asset handling.",2233,1476640cb1ba3db96b5d8bf21ee8108d78979bb7120c52dd3fad9c3fda835c99
AppForge,src/hooks/useBuilderKeyboardShortcuts.ts,01_APPFORGE/reuse_candidates/src/hooks/useBuilderKeyboardShortcuts.ts,REUSE_CANDIDATE,"Supports builder workspace, native capability integration, preview, theme, or asset handling.",3024,0d882653b7d3d028ccfc2765bb3625301210fd8cf2b7d992566236e36ae1c6a1
AppForge,src/hooks/useCamera.ts,01_APPFORGE/reuse_candidates/src/hooks/useCamera.ts,REUSE_CANDIDATE,"Supports builder workspace, native capability integration, preview, theme, or asset handling.",3405,0ab784a87211c3db1cee2b56cec592fc562da1e49218d110224aeb740c44c1dc
AppForge,src/hooks/useHaptics.ts,01_APPFORGE/reuse_candidates/src/hooks/useHaptics.ts,REUSE_CANDIDATE,"Supports builder workspace, native capability integration, preview, theme, or asset handling.",2667,ca27242d8350bd3b4b72bade79faf3559dd81826348b267ddc2c362c0122ef62
AppForge,src/hooks/usePushNotifications.ts,01_APPFORGE/reuse_candidates/src/hooks/usePushNotifications.ts,REUSE_CANDIDATE,"Supports builder workspace, native capability integration, preview, theme, or asset handling.",3305,19f2f66468c50c8c95164e02369297567e0ff7aef57aa309a88f0d36f9c25124
AppForge,src/hooks/useBrowserNotifications.ts,01_APPFORGE/reuse_candidates/src/hooks/useBrowserNotifications.ts,REUSE_CANDIDATE,"Supports builder workspace, native capability integration, preview, theme, or asset handling.",1963,7b555fcdfb678a1f520741c8da1365212aae91bcd965496a5331af8828d88c73
AppForge,src/hooks/useNotificationSounds.ts,01_APPFORGE/reuse_candidates/src/hooks/useNotificationSounds.ts,REUSE_CANDIDATE,"Supports builder workspace, native capability integration, preview, theme, or asset handling.",2959,c1a1025fd6c99d373af4b55f644f5179f6642ac5e6f321b65a59f77cbda873fa
AppForge,src/hooks/usePWAInstall.ts,01_APPFORGE/reuse_candidates/src/hooks/usePWAInstall.ts,REUSE_CANDIDATE,"Supports builder workspace, native capability integration, preview, theme, or asset handling.",2232,e135577a6006011697d42282cde1f9cbad0451b333228fdb44a9a36d69d46258
AppForge,src/hooks/useBiometricAuth.ts,01_APPFORGE/reuse_candidates/src/hooks/useBiometricAuth.ts,REUSE_CANDIDATE,"Supports builder workspace, native capability integration, preview, theme, or asset handling.",2894,63b06ccc8f9398ffaec07a140733376bdb17620a4b410ac2c27abab639f3ec82
AppForge,src/index.css,01_APPFORGE/reuse_candidates/src/index.css,REUSE_CANDIDATE,"Supports builder workspace, native capability integration, preview, theme, or asset handling.",6877,964bb129c3c846f900bc1125c1f1c94441a217d03faddb9621b3c78326b07531
AppForge,src/components/admin/CodemagicSetupWizard.tsx,01_APPFORGE/adapt_required/src/components/admin/CodemagicSetupWizard.tsx,ADAPT,"Useful provider/settings/build pattern but coupled to donor backend, Supabase, or unsafe authority assumptions.",26178,76c8f654c14635a1f216d1685576ef78ca90d66fa55a48bc39ffaf7617e9067b
AppForge,src/components/admin/BuildMonitoring.tsx,01_APPFORGE/adapt_required/src/components/admin/BuildMonitoring.tsx,ADAPT,"Useful provider/settings/build pattern but coupled to donor backend, Supabase, or unsafe authority assumptions.",8330,567a68d091ce3c6124ebcf99038b61fc1af91028c2dffaf273a755e8937c1ed7
AppForge,src/components/admin/ApiConfiguration.tsx,01_APPFORGE/adapt_required/src/components/admin/ApiConfiguration.tsx,ADAPT,"Useful provider/settings/build pattern but coupled to donor backend, Supabase, or unsafe authority assumptions.",11756,5d056e746de579f032f4da76c689f57073bf77a26f6a448ff139dee818cdd506
AppForge,src/components/admin/IntegrationsManager.tsx,01_APPFORGE/adapt_required/src/components/admin/IntegrationsManager.tsx,ADAPT,"Useful provider/settings/build pattern but coupled to donor backend, Supabase, or unsafe authority assumptions.",27768,c02b8af9b42434b0b235d98fafab19427992a455e5ef748a7bd59995c5277737
AppForge,src/components/admin/StorageSettings.tsx,01_APPFORGE/adapt_required/src/components/admin/StorageSettings.tsx,ADAPT,"Useful provider/settings/build pattern but coupled to donor backend, Supabase, or unsafe authority assumptions.",78564,d3199fd6c3c41e23986db3866eb305fdf0787616d8eeb095f453810e880a1267
AppForge,src/hooks/useStorage.ts,01_APPFORGE/adapt_required/src/hooks/useStorage.ts,ADAPT,"Useful provider/settings/build pattern but coupled to donor backend, Supabase, or unsafe authority assumptions.",6794,bb79ce50c8eee3c0106a2d4466030f016c4793add71c7c2dc0c76fd9f370b174
AppForge,src/hooks/useSystemSettings.ts,01_APPFORGE/adapt_required/src/hooks/useSystemSettings.ts,ADAPT,"Useful provider/settings/build pattern but coupled to donor backend, Supabase, or unsafe authority assumptions.",3062,8ebf5a54a665335782c71d46f4d784675f793f77fee589851c9fc95801b4259a
AppForge,src/hooks/useAdminData.ts,01_APPFORGE/adapt_required/src/hooks/useAdminData.ts,ADAPT,"Useful provider/settings/build pattern but coupled to donor backend, Supabase, or unsafe authority assumptions.",12456,4285576abddf5fcdaa79bcdfb8e2590dbd968d5955e5318aa6ca7ec6bc7e8b77
AppForge,src/lib/api/analyze-website.ts,01_APPFORGE/adapt_required/src/lib/api/analyze-website.ts,ADAPT,"Useful provider/settings/build pattern but coupled to donor backend, Supabase, or unsafe authority assumptions.",4152,ce4ee25ed09be18c3e6fb41a06df81e4738bef16257bda31cab510f848fe795a
AppForge,public/site.webmanifest,01_APPFORGE/build_and_dependency_reference/public/site.webmanifest,REFERENCE,PWA/icon reference asset; regenerate with Titan company branding.,263,7a9e07ce1f7386689917602ddc5a75750ad842e605ff764f67173529c181bf04
AppForge,public/pwa-maskable-512x512.png,01_APPFORGE/build_and_dependency_reference/public/pwa-maskable-512x512.png,REFERENCE,PWA/icon reference asset; regenerate with Titan company branding.,22746,8fd75d3bedbbba70972536508f976058b58e5114755f5bca8387a7b0d732ac7c
AppForge,public/pwa-512x512.png,01_APPFORGE/build_and_dependency_reference/public/pwa-512x512.png,REFERENCE,PWA/icon reference asset; regenerate with Titan company branding.,22746,8fd75d3bedbbba70972536508f976058b58e5114755f5bca8387a7b0d732ac7c
AppForge,public/pwa-192x192.png,01_APPFORGE/build_and_dependency_reference/public/pwa-192x192.png,REFERENCE,PWA/icon reference asset; regenerate with Titan company branding.,22746,8fd75d3bedbbba70972536508f976058b58e5114755f5bca8387a7b0d732ac7c
AppForge,public/android-chrome-192x192.png,01_APPFORGE/build_and_dependency_reference/public/android-chrome-192x192.png,REFERENCE,PWA/icon reference asset; regenerate with Titan company branding.,4242,c8e25af368b2bd34b36561b624fdd2f21fd104b21f376a9216ad00234bf2754a
AppForge,public/android-chrome-512x512.png,01_APPFORGE/build_and_dependency_reference/public/android-chrome-512x512.png,REFERENCE,PWA/icon reference asset; regenerate with Titan company branding.,22746,8fd75d3bedbbba70972536508f976058b58e5114755f5bca8387a7b0d732ac7c
AppForge,public/apple-touch-icon.png,01_APPFORGE/build_and_dependency_reference/public/apple-touch-icon.png,REFERENCE,PWA/icon reference asset; regenerate with Titan company branding.,3772,28cb5a45d5bb8a93569caf13aa89b81a56e92ca0f21f69af12c214abe4e1cad4
AppForge,public/placeholder.svg,01_APPFORGE/build_and_dependency_reference/public/placeholder.svg,REFERENCE,PWA/icon reference asset; regenerate with Titan company branding.,3253,64badf7aabda0b9630b87020ffb6095cb858ccbcf66b355c2aa08b1063954d3b
MobileKit,HTML/app-components.html,02_MOBILEKIT/reference_screens/app-components.html,REFERENCE,Mobile screen/component layout reference; convert to Titan components rather than shipping unchanged.,34749,a3cb0e8332702aadf3758651fa7b7f6bbc53c54190811287da716e12baed1469
MobileKit,HTML/app-pages.html,02_MOBILEKIT/reference_screens/app-pages.html,REFERENCE,Mobile screen/component layout reference; convert to Titan components rather than shipping unchanged.,18220,4c83a7d8e12b1be99ece5558bfdde32c509a33ff27311bea6d72438382f600c6
MobileKit,HTML/component-accordion.html,02_MOBILEKIT/reference_screens/component-accordion.html,REFERENCE,Mobile screen/component layout reference; convert to Titan components rather than shipping unchanged.,17255,8af906f7cf5eadbcf27b68ae04e30b259fa7f618860b011e6aa7d77da99b972a
MobileKit,HTML/component-action-sheet.html,02_MOBILEKIT/reference_screens/component-action-sheet.html,REFERENCE,Mobile screen/component layout reference; convert to Titan components rather than shipping unchanged.,24296,f3af91e67dcab46c6db1a5e08d037dc1c30604c80a460a5991b01581657a60ca
MobileKit,HTML/component-adboxes.html,02_MOBILEKIT/reference_screens/component-adboxes.html,REFERENCE,Mobile screen/component layout reference; convert to Titan components rather than shipping unchanged.,10943,62f6bcc747773aab96e7f998c9bf6734b74956ff497c9bbe49ae4865bf8f9669
MobileKit,HTML/component-add-to-home.html,02_MOBILEKIT/reference_screens/component-add-to-home.html,REFERENCE,Mobile screen/component layout reference; convert to Titan components rather than shipping unchanged.,13650,def578113206fc2863140e995ebc15c60f2a5cc4266a8441a1cf113d52850df0
MobileKit,HTML/component-alert.html,02_MOBILEKIT/reference_screens/component-alert.html,REFERENCE,Mobile screen/component layout reference; convert to Titan components rather than shipping unchanged.,13304,a00f58d5d6ab53f421dbf7a1e4d9afbdd95938ee0724cb430266aea0713b5a7e
MobileKit,HTML/component-animated-header.html,02_MOBILEKIT/reference_screens/component-animated-header.html,REFERENCE,Mobile screen/component layout reference; convert to Titan components rather than shipping unchanged.,16010,a1ae4379b0c540387f616193783632e4c680f4e0209dc9e539a505d3ef4ba6c4
MobileKit,HTML/component-appbottommenu.html,02_MOBILEKIT/reference_screens/component-appbottommenu.html,REFERENCE,Mobile screen/component layout reference; convert to Titan components rather than shipping unchanged.,33454,b9747c9003ca749ff310f4a414fe1575bddbeb69c63ff2ba4d7e319500aaeb39
MobileKit,HTML/component-appheader-tab.html,02_MOBILEKIT/reference_screens/component-appheader-tab.html,REFERENCE,Mobile screen/component layout reference; convert to Titan components rather than shipping unchanged.,18087,ed7394166ea8893d25d1cb94259fadec2818bddd93499d16794e612fc32616b1
MobileKit,HTML/component-appheader.html,02_MOBILEKIT/reference_screens/component-appheader.html,REFERENCE,Mobile screen/component layout reference; convert to Titan components rather than shipping unchanged.,21233,90865dbacc2b73594b3457788b8487b678d975a9aaea2a8029c04776e216a289
MobileKit,HTML/component-badge.html,02_MOBILEKIT/reference_screens/component-badge.html,REFERENCE,Mobile screen/component layout reference; convert to Titan components rather than shipping unchanged.,15237,c78f60c74f33165c0039a26546e2c43e28febe25518edd8c3582d6cc47c9d209
MobileKit,HTML/component-button.html,02_MOBILEKIT/reference_screens/component-button.html,REFERENCE,Mobile screen/component layout reference; convert to Titan components rather than shipping unchanged.,32217,6403b6935b3226f3da475467fe9be589b9bf0754cc36a21a17dca0558da5ba6d
MobileKit,HTML/component-card.html,02_MOBILEKIT/reference_screens/component-card.html,REFERENCE,Mobile screen/component layout reference; convert to Titan components rather than shipping unchanged.,21097,67d33d47a72ef813e9356318dd7467820943710c192018632002c22ee7719012
MobileKit,HTML/component-carousel.html,02_MOBILEKIT/reference_screens/component-carousel.html,REFERENCE,Mobile screen/component layout reference; convert to Titan components rather than shipping unchanged.,13391,e322b8aa91542b740513616655a3b9fb150c1f8c84b98330bb6bc7698276675d
MobileKit,HTML/component-checkbox.html,02_MOBILEKIT/reference_screens/component-checkbox.html,REFERENCE,Mobile screen/component layout reference; convert to Titan components rather than shipping unchanged.,12878,e603477bcaf58da4df28a12ce5c3acd959c6d47651478ad187aa049ffe309cbc
MobileKit,HTML/component-chips.html,02_MOBILEKIT/reference_screens/component-chips.html,REFERENCE,Mobile screen/component layout reference; convert to Titan components rather than shipping unchanged.,18559,6c93690d41b4766bffd8a9d63978ad4ab86ee6416aecf9fe3a24e50db63e2714
MobileKit,HTML/component-comment-boxes.html,02_MOBILEKIT/reference_screens/component-comment-boxes.html,REFERENCE,Mobile screen/component layout reference; convert to Titan components rather than shipping unchanged.,18294,323cda836a138a31fea27a12522579e30f12f67655285efcc187960b9308df3d
MobileKit,HTML/component-contentbox.html,02_MOBILEKIT/reference_screens/component-contentbox.html,REFERENCE,Mobile screen/component layout reference; convert to Titan components rather than shipping unchanged.,12270,277b6f1185d968052fa9624f33458dff8cf73aaee3c8414646bbe6ccca4fdd4c
MobileKit,HTML/component-cookies-box.html,02_MOBILEKIT/reference_screens/component-cookies-box.html,REFERENCE,Mobile screen/component layout reference; convert to Titan components rather than shipping unchanged.,10733,9fa5fed34022ebed3e2e7c5e41e776aa1a9105d37e3dcb91932f34eb666c6354
MobileKit,HTML/component-dialog.html,02_MOBILEKIT/reference_screens/component-dialog.html,REFERENCE,Mobile screen/component layout reference; convert to Titan components rather than shipping unchanged.,22400,07b23a094fd068577b18cb5c7258d31824da13012844668dc641f1d67076594d
MobileKit,HTML/component-divider.html,02_MOBILEKIT/reference_screens/component-divider.html,REFERENCE,Mobile screen/component layout reference; convert to Titan components rather than shipping unchanged.,11919,aa0ee946bbac50fdbbe208a5b184ef16e7390e992c6fd07791895b6120236719
MobileKit,HTML/component-dropdown.html,02_MOBILEKIT/reference_screens/component-dropdown.html,REFERENCE,Mobile screen/component layout reference; convert to Titan components rather than shipping unchanged.,14402,65c380a8df727f6aa4ff83c3bc79743fb615e15e61f71905a1a228b10fdf79bc
MobileKit,HTML/component-error-page.html,02_MOBILEKIT/reference_screens/component-error-page.html,REFERENCE,Mobile screen/component layout reference; convert to Titan components rather than shipping unchanged.,3080,f70654a61d770a1ae2acc54103629ec6905cffc81d5fa5ad1cd29b3f78281e84
MobileKit,HTML/component-fab-button.html,02_MOBILEKIT/reference_screens/component-fab-button.html,REFERENCE,Mobile screen/component layout reference; convert to Titan components rather than shipping unchanged.,10093,887240b8d664b83e8941137431c8aae9d91d724a9faf28d1488d8520ab4d1d27
MobileKit,HTML/component-form-validation.html,02_MOBILEKIT/reference_screens/component-form-validation.html,REFERENCE,Mobile screen/component layout reference; convert to Titan components rather than shipping unchanged.,17822,d0ca62dcb5c2856cc74d07c5100f45ab52593a8ee1343ffc4a254831fe48fa8b
MobileKit,HTML/component-form-wizard.html,02_MOBILEKIT/reference_screens/component-form-wizard.html,REFERENCE,Mobile screen/component layout reference; convert to Titan components rather than shipping unchanged.,4961,ed2d4a5e49b92ca07c6b9fce60f7d4fc219ab88563a9997c373604e44ecf2289
MobileKit,HTML/component-go-to-top.html,02_MOBILEKIT/reference_screens/component-go-to-top.html,REFERENCE,Mobile screen/component layout reference; convert to Titan components rather than shipping unchanged.,13488,f501c297db655bed9c6b76b2996cfff8885357c7b7f4081971054eab42326c1c
MobileKit,HTML/component-grid.html,02_MOBILEKIT/reference_screens/component-grid.html,REFERENCE,Mobile screen/component layout reference; convert to Titan components rather than shipping unchanged.,13551,385571c6e08a23c825df6d99bd53511f89c4747a9cbe288f458e7af5299bd9dc
MobileKit,HTML/component-icons.html,02_MOBILEKIT/reference_screens/component-icons.html,REFERENCE,Mobile screen/component layout reference; convert to Titan components rather than shipping unchanged.,14093,e746f97b37c5a19f2e380784a41bc8614adbe0473bd1f3e628799e476d3cb6d6
MobileKit,HTML/component-images.html,02_MOBILEKIT/reference_screens/component-images.html,REFERENCE,Mobile screen/component layout reference; convert to Titan components rather than shipping unchanged.,15385,f9cbcee6be1c09dfd1c869f9cfab8a7d67fee6b3877fa883cb1b959b37d350c7
MobileKit,HTML/component-inputs.html,02_MOBILEKIT/reference_screens/component-inputs.html,REFERENCE,Mobile screen/component layout reference; convert to Titan components rather than shipping unchanged.,27563,d4ec06b9bd06ed95743a5398d59272132f4b0633796c3f2977c87b24d197b80e
MobileKit,HTML/component-listview.html,02_MOBILEKIT/reference_screens/component-listview.html,REFERENCE,Mobile screen/component layout reference; convert to Titan components rather than shipping unchanged.,21569,2ba8870395b3781d6dd9780a4fd30f32c2d6eb1f270e19f6f6dabb202afb8ce8
MobileKit,HTML/component-modal.html,02_MOBILEKIT/reference_screens/component-modal.html,REFERENCE,Mobile screen/component layout reference; convert to Titan components rather than shipping unchanged.,28705,b9992a400a30dc89265344ebdee37b2595a0f01707c710551fc840b3933a92c7
MobileKit,HTML/component-multi-listview.html,02_MOBILEKIT/reference_screens/component-multi-listview.html,REFERENCE,Mobile screen/component layout reference; convert to Titan components rather than shipping unchanged.,47582,079bdf8d116878da4cab63a1d128eec384e19c2d1ecab49a23b11a6f8efd44b4
MobileKit,HTML/component-notification.html,02_MOBILEKIT/reference_screens/component-notification.html,REFERENCE,Mobile screen/component layout reference; convert to Titan components rather than shipping unchanged.,37806,97f7dbd5953885802c950163b9994256c919aecc238d44d8c04207446d25e40a
MobileKit,HTML/component-offcanvas.html,02_MOBILEKIT/reference_screens/component-offcanvas.html,REFERENCE,Mobile screen/component layout reference; convert to Titan components rather than shipping unchanged.,15896,8757353f962c005068c88a8d10637b250caac0bf8fb1f4d67edbd2e4998676bd
MobileKit,HTML/component-online-detection.html,02_MOBILEKIT/reference_screens/component-online-detection.html,REFERENCE,Mobile screen/component layout reference; convert to Titan components rather than shipping unchanged.,10309,2945df81c7a6cb76ec42ef2aefe41724edf67ab314addde5fd304aab70a5772e
MobileKit,HTML/component-os-detection.html,02_MOBILEKIT/reference_screens/component-os-detection.html,REFERENCE,Mobile screen/component layout reference; convert to Titan components rather than shipping unchanged.,12292,e0f90b11725a573cce76409615df0ea7ef55633f1d15bfcf17a8785b9d1c8cb2
MobileKit,HTML/component-pagination.html,02_MOBILEKIT/reference_screens/component-pagination.html,REFERENCE,Mobile screen/component layout reference; convert to Titan components rather than shipping unchanged.,13406,b147fa2c051f06ef5fb82d30db98231ca0c5c5729e3cb9f1239ea4e28266bdb0
MobileKit,HTML/component-placeholders.html,02_MOBILEKIT/reference_screens/component-placeholders.html,REFERENCE,Mobile screen/component layout reference; convert to Titan components rather than shipping unchanged.,15904,4e43c67029fef757ec701236c5ead14e394c161940300f6b948f07aa063bc0d2
MobileKit,HTML/component-preloader.html,02_MOBILEKIT/reference_screens/component-preloader.html,REFERENCE,Mobile screen/component layout reference; convert to Titan components rather than shipping unchanged.,16080,dcac8062a61ab546f2e4271e22c60cef8fcef295795d0b601f8529bb8439eb13
MobileKit,HTML/component-progressbar.html,02_MOBILEKIT/reference_screens/component-progressbar.html,REFERENCE,Mobile screen/component layout reference; convert to Titan components rather than shipping unchanged.,15907,8529c9e9b7598fce10ce13b0d384fd3352f46c8d6f2202ecc759df39164148c4
MobileKit,HTML/component-radio.html,02_MOBILEKIT/reference_screens/component-radio.html,REFERENCE,Mobile screen/component layout reference; convert to Titan components rather than shipping unchanged.,13559,7d6e82a585cd5d89ff6563745c0f92a4636eb6cbc1b92be03df4d0fc0b1e992a
MobileKit,HTML/component-search.html,02_MOBILEKIT/reference_screens/component-search.html,REFERENCE,Mobile screen/component layout reference; convert to Titan components rather than shipping unchanged.,14887,e4334d2196a898104d58eeac9d2a1014a7c14697f4c12afcf042011cc6b85c4b
MobileKit,HTML/component-stepper.html,02_MOBILEKIT/reference_screens/component-stepper.html,REFERENCE,Mobile screen/component layout reference; convert to Titan components rather than shipping unchanged.,18380,9ea9ffd73257d9af16579e11bae5a2b0dbfb1892af75db224158ee7014e5184d
MobileKit,HTML/component-sticky-listview.html,02_MOBILEKIT/reference_screens/component-sticky-listview.html,REFERENCE,Mobile screen/component layout reference; convert to Titan components rather than shipping unchanged.,15056,01e765462a760a92b9ceedd7d07a41d81fb66918e8bc238a5005183773d2ec88
MobileKit,HTML/component-stories.html,02_MOBILEKIT/reference_screens/component-stories.html,REFERENCE,Mobile screen/component layout reference; convert to Titan components rather than shipping unchanged.,21870,61736ffe18a0d98b339c8f1c4a0fea3dc028ccdc067910db5f4b0ec479ff5366
MobileKit,HTML/component-table.html,02_MOBILEKIT/reference_screens/component-table.html,REFERENCE,Mobile screen/component layout reference; convert to Titan components rather than shipping unchanged.,14236,f7e05ceeb4351b131c31c85e859a28af5f235f96968e80aedcacd6d52cc7b9fb
MobileKit,HTML/component-tabs.html,02_MOBILEKIT/reference_screens/component-tabs.html,REFERENCE,Mobile screen/component layout reference; convert to Titan components rather than shipping unchanged.,25373,0112f4570f4f7abb06291f3d28ea297db29bb9b42dda77de96bc9e8d2b47e20d
MobileKit,HTML/component-timeline.html,02_MOBILEKIT/reference_screens/component-timeline.html,REFERENCE,Mobile screen/component layout reference; convert to Titan components rather than shipping unchanged.,17692,9311976f38f25ff65d7a2dbcd65e2f6d719be7500ce6b7149c3d14ec03efeb90
MobileKit,HTML/component-toast.html,02_MOBILEKIT/reference_screens/component-toast.html,REFERENCE,Mobile screen/component layout reference; convert to Titan components rather than shipping unchanged.,19631,35f987e90ca26381b7a4834f1563896cabe430caae6be7bbba05aab4bef4681b
MobileKit,HTML/component-toggle.html,02_MOBILEKIT/reference_screens/component-toggle.html,REFERENCE,Mobile screen/component layout reference; convert to Titan components rather than shipping unchanged.,11855,1d367e94fd2583404f5f3cb9ef491c53986c6d06c3419a17a26abc3ee1ef0af8
MobileKit,HTML/component-tooltips.html,02_MOBILEKIT/reference_screens/component-tooltips.html,REFERENCE,Mobile screen/component layout reference; convert to Titan components rather than shipping unchanged.,12367,c7283adead2e3f98d05f9c0bdec6e5e46dae5a8e96f75a3c67180bd59dfbc72a
MobileKit,HTML/component-typography.html,02_MOBILEKIT/reference_screens/component-typography.html,REFERENCE,Mobile screen/component layout reference; convert to Titan components rather than shipping unchanged.,13260,878dc5143e3af66baf9d2a069a8022be1aee4770af6399644c3579061a59af73
MobileKit,HTML/index.html,02_MOBILEKIT/reference_screens/index.html,REFERENCE,Mobile screen/component layout reference; convert to Titan components rather than shipping unchanged.,18661,8553e8c846fc9bc12ed72b26e15d92dc9a3bc82e38ef54b3ea23c62a915073c0
MobileKit,HTML/page-about.html,02_MOBILEKIT/reference_screens/page-about.html,REFERENCE,Mobile screen/component layout reference; convert to Titan components rather than shipping unchanged.,15730,7a4c3ff1860d7d4beedeb747eac7102a80974eb37c94884bb142404aec4c8d91
MobileKit,HTML/page-blank.html,02_MOBILEKIT/reference_screens/page-blank.html,REFERENCE,Mobile screen/component layout reference; convert to Titan components rather than shipping unchanged.,9440,0bfeb82a539722f67e61604f33d9b1f6c9855afe049d4b90c4a7ac6b41b67ea4
MobileKit,HTML/page-blogpost.html,02_MOBILEKIT/reference_screens/page-blogpost.html,REFERENCE,Mobile screen/component layout reference; convert to Titan components rather than shipping unchanged.,20721,142f53eb7c54e4d6bc10ffd99d2e58d771806ff3e14906b62f13cb6f03be6061
MobileKit,HTML/page-cart.html,02_MOBILEKIT/reference_screens/page-cart.html,REFERENCE,Mobile screen/component layout reference; convert to Titan components rather than shipping unchanged.,16600,c7787a2804b34716b707dcfc89c982547f4a33c334919ad0ad806ff6d035962d
MobileKit,HTML/page-chat.html,02_MOBILEKIT/reference_screens/page-chat.html,REFERENCE,Mobile screen/component layout reference; convert to Titan components rather than shipping unchanged.,8454,45377520388585e743bfd23720e3492dbfd9877896318a4a44f850832530c3b1
MobileKit,HTML/page-contact.html,02_MOBILEKIT/reference_screens/page-contact.html,REFERENCE,Mobile screen/component layout reference; convert to Titan components rather than shipping unchanged.,13851,f6ba1fa47a17386eb42bdfe6c5b0cff8f97a45c2b58134fbff978f6d4600cd67
MobileKit,HTML/page-faq.html,02_MOBILEKIT/reference_screens/page-faq.html,REFERENCE,Mobile screen/component layout reference; convert to Titan components rather than shipping unchanged.,13994,6248374f759d563ec23b2b8ff0e0ca6e9132dc369357787d6ed07b66d51a8017
MobileKit,HTML/page-forgot-password.html,02_MOBILEKIT/reference_screens/page-forgot-password.html,REFERENCE,Mobile screen/component layout reference; convert to Titan components rather than shipping unchanged.,3207,faaa8d4a3c04a46e03aa67621b548a6bcdb47014ebe65fafc9c326163b16bd0b
MobileKit,HTML/page-fullpage-slider.html,02_MOBILEKIT/reference_screens/page-fullpage-slider.html,REFERENCE,Mobile screen/component layout reference; convert to Titan components rather than shipping unchanged.,3897,e6be4ba616d76eef7f63888fceba2e3fd8f178f53c7a7a6c4b603d460d7781ff
MobileKit,HTML/page-invoice.html,02_MOBILEKIT/reference_screens/page-invoice.html,REFERENCE,Mobile screen/component layout reference; convert to Titan components rather than shipping unchanged.,11471,1f5d0d50f4ab5894b2da4d3f51a4239215c84ee8dc621deb6fa66bdfe8f9bf90
MobileKit,HTML/page-lockscreen.html,02_MOBILEKIT/reference_screens/page-lockscreen.html,REFERENCE,Mobile screen/component layout reference; convert to Titan components rather than shipping unchanged.,4455,f14fec47029e5e7bf2d78a89e9ad7062e26141e1751d64675f300f8ed358e10e
MobileKit,HTML/page-login.html,02_MOBILEKIT/reference_screens/page-login.html,REFERENCE,Mobile screen/component layout reference; convert to Titan components rather than shipping unchanged.,3648,9e9ea043496b58b8bafc2998b31aa7ba616b966cd866e83add5ad0e2e4b3f032
MobileKit,HTML/page-maintenance.html,02_MOBILEKIT/reference_screens/page-maintenance.html,REFERENCE,Mobile screen/component layout reference; convert to Titan components rather than shipping unchanged.,2780,d62b044b4604d43ab75c8ca57458f9bb7f35c93a308b71c489907434efc9f8a6
MobileKit,HTML/page-product-page.html,02_MOBILEKIT/reference_screens/page-product-page.html,REFERENCE,Mobile screen/component layout reference; convert to Titan components rather than shipping unchanged.,19932,fb627669cdedea3e3e88135f6262fc7502cb2b8c1997bd82172031b33ee759c8
MobileKit,HTML/page-profile.html,02_MOBILEKIT/reference_screens/page-profile.html,REFERENCE,Mobile screen/component layout reference; convert to Titan components rather than shipping unchanged.,26219,c338e7cb56cf222b5001e1d0a6636b3193e886d133cbd0e9c639aed684a7ab53
MobileKit,HTML/page-register.html,02_MOBILEKIT/reference_screens/page-register.html,REFERENCE,Mobile screen/component layout reference; convert to Titan components rather than shipping unchanged.,4949,3e74f51b0554f6337c9296fa5d4d35861398ed9107cb850f6b410536dd06a6b0
MobileKit,HTML/page-sms-verification.html,02_MOBILEKIT/reference_screens/page-sms-verification.html,REFERENCE,Mobile screen/component layout reference; convert to Titan components rather than shipping unchanged.,2982,cbb1348333b02929d04c856c801807bc1f3460d4cac7108f92b15160198e7b09
MobileKit,HTML/page-under-construction.html,02_MOBILEKIT/reference_screens/page-under-construction.html,REFERENCE,Mobile screen/component layout reference; convert to Titan components rather than shipping unchanged.,3051,27ff5d20b719d3976266c49cc2497d608d622c0436c270af99d5751c6efc030e
MobileKit,HTML/assets/sass/_body.scss,02_MOBILEKIT/reuse_candidates/design_system/assets/sass/_body.scss,REUSE_CANDIDATE,Mobile-first Sass component or layout pattern.,885,ecb972225ad2f3ad3264d2b6e1e9842dc5698972321b5e5f28c5a49832fa552b
MobileKit,HTML/assets/sass/_darkmode.scss,02_MOBILEKIT/reuse_candidates/design_system/assets/sass/_darkmode.scss,REUSE_CANDIDATE,Mobile-first Sass component or layout pattern.,22921,27cdfdc968912dafd1b56d06e1ae1c689c5dc398bf7421d9f99a066d6c42f53f
MobileKit,HTML/assets/sass/_rtl.scss,02_MOBILEKIT/reuse_candidates/design_system/assets/sass/_rtl.scss,REUSE_CANDIDATE,Mobile-first Sass component or layout pattern.,16283,1c26d3773fa3c104f6b6575f978293cdd981078daae9564a3aabce266dd61f31
MobileKit,HTML/assets/sass/_theme-settings.scss,02_MOBILEKIT/reuse_candidates/design_system/assets/sass/_theme-settings.scss,REUSE_CANDIDATE,Mobile-first Sass component or layout pattern.,1902,586baac34e964cfa79be0f24939a804bf0d4a68bfeae92120b4b2f5c671dbc36
MobileKit,HTML/assets/sass/_ui-framework.scss,02_MOBILEKIT/reuse_candidates/design_system/assets/sass/_ui-framework.scss,REUSE_CANDIDATE,Mobile-first Sass component or layout pattern.,1470,a37e0d012f63acc8497ffebfffedd89a7bbc684f796ad5d76d4997b4dd3ad2bd
MobileKit,HTML/assets/sass/framework/_accordion.scss,02_MOBILEKIT/reuse_candidates/design_system/assets/sass/framework/_accordion.scss,REUSE_CANDIDATE,Mobile-first Sass component or layout pattern.,3152,1a89f275a87fa771a3aff82345ddac76236150e4dbc634ba2b55bd9e55fa93e3
MobileKit,HTML/assets/sass/framework/_actionsheet.scss,02_MOBILEKIT/reuse_candidates/design_system/assets/sass/framework/_actionsheet.scss,REUSE_CANDIDATE,Mobile-first Sass component or layout pattern.,3411,1178bc58c2e184ce1aa9913e467d421b8368afda0de2ce40ed4582139d901077
MobileKit,HTML/assets/sass/framework/_adbox.scss,02_MOBILEKIT/reuse_candidates/design_system/assets/sass/framework/_adbox.scss,REUSE_CANDIDATE,Mobile-first Sass component or layout pattern.,818,1569cde84f5bcc948cd685b4aefb8a8e45afcae75a1c817c2041efea00126723
MobileKit,HTML/assets/sass/framework/_add-to-home.scss,02_MOBILEKIT/reuse_candidates/design_system/assets/sass/framework/_add-to-home.scss,REUSE_CANDIDATE,Mobile-first Sass component or layout pattern.,2403,67e30c9b167fc1271de90f682a1143649c32d9daed5f48e6c35aa53313b038bd
MobileKit,HTML/assets/sass/framework/_alert.scss,02_MOBILEKIT/reuse_candidates/design_system/assets/sass/framework/_alert.scss,REUSE_CANDIDATE,Mobile-first Sass component or layout pattern.,2587,dd8888ca81d9e5b20098cf2dbe0787a48138d3013efacd382dc85500a1ed4103
MobileKit,HTML/assets/sass/framework/_badge.scss,02_MOBILEKIT/reuse_candidates/design_system/assets/sass/framework/_badge.scss,REUSE_CANDIDATE,Mobile-first Sass component or layout pattern.,1740,9e1d4ef96e4933c8f0cbe17f618170a174707f10742bb9e20c85dca7ef5148e8
MobileKit,HTML/assets/sass/framework/_blog.scss,02_MOBILEKIT/reuse_candidates/design_system/assets/sass/framework/_blog.scss,REUSE_CANDIDATE,Mobile-first Sass component or layout pattern.,691,96ff87108000b150e852bee5877f55ee0603eed61c650a1787ca570f1e06fde9
MobileKit,HTML/assets/sass/framework/_button.scss,02_MOBILEKIT/reuse_candidates/design_system/assets/sass/framework/_button.scss,REUSE_CANDIDATE,Mobile-first Sass component or layout pattern.,8783,13dd1086e54f8ed62f53b7ac0aaa16ba582359ffcfae533db13c759e305e7e5a
MobileKit,HTML/assets/sass/framework/_card.scss,02_MOBILEKIT/reuse_candidates/design_system/assets/sass/framework/_card.scss,REUSE_CANDIDATE,Mobile-first Sass component or layout pattern.,2231,566f00283062a4ce16b0e9c87f154490fe6f5ba32eebd8a21a4296b572e636aa
MobileKit,HTML/assets/sass/framework/_carousel.scss,02_MOBILEKIT/reuse_candidates/design_system/assets/sass/framework/_carousel.scss,REUSE_CANDIDATE,Mobile-first Sass component or layout pattern.,1308,0901d7764e47d95ad2e412afd388aa6545c52f6ea705ab9d0dc8190ee4561e5d
MobileKit,HTML/assets/sass/framework/_checkbox-radio-toggle.scss,02_MOBILEKIT/reuse_candidates/design_system/assets/sass/framework/_checkbox-radio-toggle.scss,REUSE_CANDIDATE,Mobile-first Sass component or layout pattern.,3052,b4088589cc00f837ec82434c71a150766e0e8bd078b36744eec734acc11b2c20
MobileKit,HTML/assets/sass/framework/_chips.scss,02_MOBILEKIT/reuse_candidates/design_system/assets/sass/framework/_chips.scss,REUSE_CANDIDATE,Mobile-first Sass component or layout pattern.,3126,d3c221c43e70072d2ce76bf6d66bfb3b2fbf5a95405a0b4061eb766bd2345114
MobileKit,HTML/assets/sass/framework/_color-class.scss,02_MOBILEKIT/reuse_candidates/design_system/assets/sass/framework/_color-class.scss,REUSE_CANDIDATE,Mobile-first Sass component or layout pattern.,2953,d73939e1a18ed6165c447ffcb1c7a76fd22d03bdda6c3746f3850b3c71ec5d0f
MobileKit,HTML/assets/sass/framework/_comment.scss,02_MOBILEKIT/reuse_candidates/design_system/assets/sass/framework/_comment.scss,REUSE_CANDIDATE,Mobile-first Sass component or layout pattern.,1825,2a48c781db364df5bccbfb3920ac94dca39353afa5340e26836d6152494fbd37
MobileKit,HTML/assets/sass/framework/_dialog.scss,02_MOBILEKIT/reuse_candidates/design_system/assets/sass/framework/_dialog.scss,REUSE_CANDIDATE,Mobile-first Sass component or layout pattern.,2540,d57c54e40f1c8808e5781d32a79c618d1ec5a93f5ac5c43edea04e0746f93f3a
MobileKit,HTML/assets/sass/framework/_divider.scss,02_MOBILEKIT/reuse_candidates/design_system/assets/sass/framework/_divider.scss,REUSE_CANDIDATE,Mobile-first Sass component or layout pattern.,459,c5aab6fad243a495453c9a9e5a25654aa8daafcb3980c0cac4935a21d14e808b
MobileKit,HTML/assets/sass/framework/_dropdown.scss,02_MOBILEKIT/reuse_candidates/design_system/assets/sass/framework/_dropdown.scss,REUSE_CANDIDATE,Mobile-first Sass component or layout pattern.,1208,a4cbb2bc869fc24c5252de0f43ff0f97e2da4952103da1df48f2e2852fddc766
MobileKit,HTML/assets/sass/framework/_e-commerce.scss,02_MOBILEKIT/reuse_candidates/design_system/assets/sass/framework/_e-commerce.scss,REUSE_CANDIDATE,Mobile-first Sass component or layout pattern.,1653,756940de9317d5dba50bc7c5d452562ea1a70118246dc0d91a173e89d8bf83bc
MobileKit,HTML/assets/sass/framework/_error-page.scss,02_MOBILEKIT/reuse_candidates/design_system/assets/sass/framework/_error-page.scss,REUSE_CANDIDATE,Mobile-first Sass component or layout pattern.,904,ae7c4ca6cf43f783d989cd3a4bb27b3e2b9c2e873a3e535856966bd6b09a66d6
MobileKit,HTML/assets/sass/framework/_fab-button.scss,02_MOBILEKIT/reuse_candidates/design_system/assets/sass/framework/_fab-button.scss,REUSE_CANDIDATE,Mobile-first Sass component or layout pattern.,3364,bffb08d1bb6293faf2871e9d0c173082c6f90ef4cc6342d8f2786389e13d1dac
MobileKit,HTML/assets/sass/framework/_form-validation.scss,02_MOBILEKIT/reuse_candidates/design_system/assets/sass/framework/_form-validation.scss,REUSE_CANDIDATE,Mobile-first Sass component or layout pattern.,4109,4ccc04aaf6ef09ba14ffa6830a4acd827d26f6c87d370fc34bd1569aed372fd6
MobileKit,HTML/assets/sass/framework/_form-wizard.scss,02_MOBILEKIT/reuse_candidates/design_system/assets/sass/framework/_form-wizard.scss,REUSE_CANDIDATE,Mobile-first Sass component or layout pattern.,1614,c7befac45c548c487b1731211f5dea0776ea380320caf11e287cc5a4eb596219
MobileKit,HTML/assets/sass/framework/_go-to-top.scss,02_MOBILEKIT/reuse_candidates/design_system/assets/sass/framework/_go-to-top.scss,REUSE_CANDIDATE,Mobile-first Sass component or layout pattern.,477,fb28f804e87b7d918fa3329a0ca8adbf816dd5898462e17cab514b22d1ccd6f5
MobileKit,HTML/assets/sass/framework/_grid.scss,02_MOBILEKIT/reuse_candidates/design_system/assets/sass/framework/_grid.scss,REUSE_CANDIDATE,Mobile-first Sass component or layout pattern.,4102,5924c9530c73ef8e33edc48863b7194d00dcd6dff63fda29f521a21abd1f7924
MobileKit,HTML/assets/sass/framework/_icon.scss,02_MOBILEKIT/reuse_candidates/design_system/assets/sass/framework/_icon.scss,REUSE_CANDIDATE,Mobile-first Sass component or layout pattern.,815,cf59120f8ef0fc931755742aa703f74d12da596491201d77661945f4cc5beda6
MobileKit,HTML/assets/sass/framework/_image.scss,02_MOBILEKIT/reuse_candidates/design_system/assets/sass/framework/_image.scss,REUSE_CANDIDATE,Mobile-first Sass component or layout pattern.,1268,ecbe3758bcd92b15306cf813974a24f81fe9dfac92dd818ea412f79bd65d2696
MobileKit,HTML/assets/sass/framework/_inputs.scss,02_MOBILEKIT/reuse_candidates/design_system/assets/sass/framework/_inputs.scss,REUSE_CANDIDATE,Mobile-first Sass component or layout pattern.,6208,87fcf946b0e0afd7989a8a9aa22e53f97321dbb92e32095045366f1f13440420
MobileKit,HTML/assets/sass/framework/_invoice.scss,02_MOBILEKIT/reuse_candidates/design_system/assets/sass/framework/_invoice.scss,REUSE_CANDIDATE,Mobile-first Sass component or layout pattern.,2827,f361c47ea9ce14c709429586f48752717b56090e8b794a8f97efdba4befc6fca
MobileKit,HTML/assets/sass/framework/_listview.scss,02_MOBILEKIT/reuse_candidates/design_system/assets/sass/framework/_listview.scss,REUSE_CANDIDATE,Mobile-first Sass component or layout pattern.,7451,71cab9819808f47bb8fcc2862381f02c39e8c50c95cbf7adfc82fe707520c24c
MobileKit,HTML/assets/sass/framework/_loader.scss,02_MOBILEKIT/reuse_candidates/design_system/assets/sass/framework/_loader.scss,REUSE_CANDIDATE,Mobile-first Sass component or layout pattern.,452,c0171224a5ba42cdaa87a53551deab516792a0238f837eaba720d1a3c077b30b
MobileKit,HTML/assets/sass/framework/_login.scss,02_MOBILEKIT/reuse_candidates/design_system/assets/sass/framework/_login.scss,REUSE_CANDIDATE,Mobile-first Sass component or layout pattern.,591,580d7e5e6be4e1b23bbbdafe9f5a67050272c898d09295d4e44d388475b359e4
MobileKit,HTML/assets/sass/framework/_messages.scss,02_MOBILEKIT/reuse_candidates/design_system/assets/sass/framework/_messages.scss,REUSE_CANDIDATE,Mobile-first Sass component or layout pattern.,2049,18068e9d371b0c55217221ee9862b4f656818bd73ffcf92b470a3e7e113128ab
MobileKit,HTML/assets/sass/framework/_modal.scss,02_MOBILEKIT/reuse_candidates/design_system/assets/sass/framework/_modal.scss,REUSE_CANDIDATE,Mobile-first Sass component or layout pattern.,1254,13f7d30c71f269ef0c30a968c9c21b69f1c87fddcdb4a1c28e7c184199a567db
MobileKit,HTML/assets/sass/framework/_notification.scss,02_MOBILEKIT/reuse_candidates/design_system/assets/sass/framework/_notification.scss,REUSE_CANDIDATE,Mobile-first Sass component or layout pattern.,4870,26149a5066132ae0954934e2c416b7968716c926a237a74cb96ce0ea2c0f4769
MobileKit,HTML/assets/sass/framework/_offcanvas.scss,02_MOBILEKIT/reuse_candidates/design_system/assets/sass/framework/_offcanvas.scss,REUSE_CANDIDATE,Mobile-first Sass component or layout pattern.,1448,a7e496e4a1d001179b21337aebe137e930ab3c96886b60ae25aaeafae4836dcd
MobileKit,HTML/assets/sass/framework/_online-detection.scss,02_MOBILEKIT/reuse_candidates/design_system/assets/sass/framework/_online-detection.scss,REUSE_CANDIDATE,Mobile-first Sass component or layout pattern.,75,12db982038f7b073489ac0a54ae964295468399814c33f7d9a020ebeb76628a8
MobileKit,HTML/assets/sass/framework/_os-detection.scss,02_MOBILEKIT/reuse_candidates/design_system/assets/sass/framework/_os-detection.scss,REUSE_CANDIDATE,Mobile-first Sass component or layout pattern.,144,45d828317bc82b3af59e42feceba43714bbcbab0be51dd0aa76f5edac4d1b20c
MobileKit,HTML/assets/sass/framework/_pagination.scss,02_MOBILEKIT/reuse_candidates/design_system/assets/sass/framework/_pagination.scss,REUSE_CANDIDATE,Mobile-first Sass component or layout pattern.,1073,9e25b9297a0dbdf9ac90862186a3e659552a7676a2d05463488a978ac919fbc6
MobileKit,HTML/assets/sass/framework/_preloader.scss,02_MOBILEKIT/reuse_candidates/design_system/assets/sass/framework/_preloader.scss,REUSE_CANDIDATE,Mobile-first Sass component or layout pattern.,0,e3b0c44298fc1c149afbf4c8996fb92427ae41e4649b934ca495991b7852b855
MobileKit,HTML/assets/sass/framework/_profile.scss,02_MOBILEKIT/reuse_candidates/design_system/assets/sass/framework/_profile.scss,REUSE_CANDIDATE,Mobile-first Sass component or layout pattern.,1001,acd59fa95c3caa94defc10f01090af8de9103ee8b114d6691f300ed96697591c
MobileKit,HTML/assets/sass/framework/_progressbar.scss,02_MOBILEKIT/reuse_candidates/design_system/assets/sass/framework/_progressbar.scss,REUSE_CANDIDATE,Mobile-first Sass component or layout pattern.,1466,7278cf59538cbf53cca3590273df0f36dad830d1c0fe81039dd8733364d62cb5
MobileKit,HTML/assets/sass/framework/_search.scss,02_MOBILEKIT/reuse_candidates/design_system/assets/sass/framework/_search.scss,REUSE_CANDIDATE,Mobile-first Sass component or layout pattern.,2194,d7766cd0bef5f09b77c836468837db676cdaf600d3fa925d5fb3cd857f611a82
MobileKit,HTML/assets/sass/framework/_stepper.scss,02_MOBILEKIT/reuse_candidates/design_system/assets/sass/framework/_stepper.scss,REUSE_CANDIDATE,Mobile-first Sass component or layout pattern.,3040,2443b107e628109098514391eaea0411bb044312673dfd900e3176bb96649b9f
MobileKit,HTML/assets/sass/framework/_stories.scss,02_MOBILEKIT/reuse_candidates/design_system/assets/sass/framework/_stories.scss,REUSE_CANDIDATE,Mobile-first Sass component or layout pattern.,4597,3df0ddcacae54fdb158b70543e19479cfc25792ec18f76de2698010e8c513d68
MobileKit,HTML/assets/sass/framework/_table.scss,02_MOBILEKIT/reuse_candidates/design_system/assets/sass/framework/_table.scss,REUSE_CANDIDATE,Mobile-first Sass component or layout pattern.,928,33dc4749ab1ded12e025e31bd3d309e574d9f699057d57430a1e01a71405c8a7
MobileKit,HTML/assets/sass/framework/_tabs.scss,02_MOBILEKIT/reuse_candidates/design_system/assets/sass/framework/_tabs.scss,REUSE_CANDIDATE,Mobile-first Sass component or layout pattern.,2008,aca138f0d7ec393e082851b6e1122c741334672ba97e8e42d04cf7f0e88804e0
MobileKit,HTML/assets/sass/framework/_timeline.scss,02_MOBILEKIT/reuse_candidates/design_system/assets/sass/framework/_timeline.scss,REUSE_CANDIDATE,Mobile-first Sass component or layout pattern.,1286,4be7755c16d323c921a888bc7818012ee2a6befff081849d25d6a0eaf1d88dcd
MobileKit,HTML/assets/sass/framework/_toast.scss,02_MOBILEKIT/reuse_candidates/design_system/assets/sass/framework/_toast.scss,REUSE_CANDIDATE,Mobile-first Sass component or layout pattern.,1839,8003379d1e4c28d6f869813bfadfab4689238794c4f6437f97b6959b18eb0518
MobileKit,HTML/assets/sass/framework/_tooltip.scss,02_MOBILEKIT/reuse_candidates/design_system/assets/sass/framework/_tooltip.scss,REUSE_CANDIDATE,Mobile-first Sass component or layout pattern.,135,05f8d76dbe51205dfed3252519faaebc692c06bfe067fd852799833ef1918134
MobileKit,HTML/assets/sass/framework/_typography.scss,02_MOBILEKIT/reuse_candidates/design_system/assets/sass/framework/_typography.scss,REUSE_CANDIDATE,Mobile-first Sass component or layout pattern.,1946,8b2cc792b81d1a752014f520ffaa24ff4078ecd549929adcaa93eb6f693c675d
MobileKit,HTML/assets/sass/section/_bottomMenu.scss,02_MOBILEKIT/reuse_candidates/design_system/assets/sass/section/_bottomMenu.scss,REUSE_CANDIDATE,Mobile-first Sass component or layout pattern.,3175,e5f32ec00cb2ec807f8bb43b93f4774b8a59cbfe81c52af1b912641b406b2640
MobileKit,HTML/assets/sass/section/_content.scss,02_MOBILEKIT/reuse_candidates/design_system/assets/sass/section/_content.scss,REUSE_CANDIDATE,Mobile-first Sass component or layout pattern.,1385,046bdcafc89d0c85abc8d3c7e36258d9bc1964f0923c2c9b07c74f9f9c400963
MobileKit,HTML/assets/sass/section/_footer.scss,02_MOBILEKIT/reuse_candidates/design_system/assets/sass/section/_footer.scss,REUSE_CANDIDATE,Mobile-first Sass component or layout pattern.,1142,861eafe9b52884b621f2110c7d7c40be9b15eaa7d39b02f6cdbc1f7e931a46aa
MobileKit,HTML/assets/sass/section/_header.scss,02_MOBILEKIT/reuse_candidates/design_system/assets/sass/section/_header.scss,REUSE_CANDIDATE,Mobile-first Sass component or layout pattern.,3350,e50f46a6ee93ebd89a07e9efe51d73512c1a63431f0a55c4fd5cfcf38498eb90
MobileKit,HTML/assets/sass/section/_sidebar.scss,02_MOBILEKIT/reuse_candidates/design_system/assets/sass/section/_sidebar.scss,REUSE_CANDIDATE,Mobile-first Sass component or layout pattern.,3240,f716c2a506b8e8e62c66a23558830d5ec0c702b2b99f4c6c4031ad3c70158c5c
MobileKit,HTML/assets/sass/style.scss,02_MOBILEKIT/reuse_candidates/design_system/assets/sass/style.scss,REUSE_CANDIDATE,Mobile-first Sass component or layout pattern.,1672,debfc29be5ff81f5d26a8704c023c08072ac2ddfb13f2406678b25eb318f58c2
MobileKit,HTML/assets/css/style.css,02_MOBILEKIT/reuse_candidates/design_system/assets/css/style.css,REFERENCE,Compiled/vendor reference used to reproduce screen samples; retain license and modernize before use.,192817,7791017c6ee04b2c98c0a5c0329d5042a9bdfa5564d8dce1a8bb7f00d1b099e7
MobileKit,HTML/assets/css/inc/bootstrap/bootstrap.min.css,02_MOBILEKIT/reuse_candidates/design_system/assets/css/inc/bootstrap/bootstrap.min.css,REFERENCE,Compiled/vendor reference used to reproduce screen samples; retain license and modernize before use.,163826,8e23c3b3f22abb77e233c65f438c4190a773637c591d1fe15587bfddc6f81e6f
MobileKit,HTML/assets/css/inc/splide/splide.min.css,02_MOBILEKIT/reuse_candidates/design_system/assets/css/inc/splide/splide.min.css,REFERENCE,Compiled/vendor reference used to reproduce screen samples; retain license and modernize before use.,4140,12acf0cde9105ca35b079104e27341413fb68164085916505c077cf58748abc3
MobileKit,HTML/assets/js/lib/bootstrap.min.js,02_MOBILEKIT/reuse_candidates/design_system/assets/js/lib/bootstrap.min.js,REFERENCE,Compiled/vendor reference used to reproduce screen samples; retain license and modernize before use.,78080,286fc75be1e7b08b6e8f8c70b4b6f69bf77fcd9bec929694d122b44ecbb4858d
MobileKit,HTML/assets/js/plugins/progressbar-js/progressbar.min.js,02_MOBILEKIT/reuse_candidates/design_system/assets/js/plugins/progressbar-js/progressbar.min.js,REFERENCE,Compiled/vendor reference used to reproduce screen samples; retain license and modernize before use.,29989,f6f49ef6ced3e330cec2059ffdd99b2384972eddd6a23e67d4189ab0aa557d6f
MobileKit,HTML/assets/js/plugins/splide/splide.min.js,02_MOBILEKIT/reuse_candidates/design_system/assets/js/plugins/splide/splide.min.js,REFERENCE,Compiled/vendor reference used to reproduce screen samples; retain license and modernize before use.,29040,4a609c6dfff57a1865067c376468a736ee9f8d0578ef52c3063738c8c30986c9
MobileKit,HTML/assets/js/base.js,02_MOBILEKIT/adapt_required/pwa_runtime/assets/js/base.js,ADAPT,"Useful mobile/PWA behavior but uses legacy global DOM, innerHTML, localStorage, cache-first logic, or hard-coded manifest values.",35308,6c946755c338b3a1353a039277de43df7ad485a38b662cbd6b18e57f9ee64ee8
MobileKit,HTML/service-worker.js,02_MOBILEKIT/adapt_required/pwa_runtime/service-worker.js,ADAPT,"Useful mobile/PWA behavior but uses legacy global DOM, innerHTML, localStorage, cache-first logic, or hard-coded manifest values.",1470,a7cd21361114f0965602963b816f59060d6c5fe75e0deece0918b7e209a0d6e8
MobileKit,HTML/__manifest.json,02_MOBILEKIT/adapt_required/pwa_runtime/__manifest.json,ADAPT,"Useful mobile/PWA behavior but uses legacy global DOM, innerHTML, localStorage, cache-first logic, or hard-coded manifest values.",1638,87ddc7af85b4f696b059ebbabb05fb3b44e9f841afffb22a20835e38379498c8
MobileKit,HTML/assets/img/icon/128x128.png,02_MOBILEKIT/reuse_candidates/design_system/assets/img/icon/128x128.png,REFERENCE,PWA icon size reference; replace with generated Titan/company assets.,1938,32c259cfea837eb797bde6ecd18e660ffc3605e9335842b5d07ebc0443771116
MobileKit,HTML/assets/img/icon/144x144.png,02_MOBILEKIT/reuse_candidates/design_system/assets/img/icon/144x144.png,REFERENCE,PWA icon size reference; replace with generated Titan/company assets.,2219,0278e3bdad7885703ef115d1c2b39c4d32591ad405439bd126708332a574917d
MobileKit,HTML/assets/img/icon/152x152.png,02_MOBILEKIT/reuse_candidates/design_system/assets/img/icon/152x152.png,REFERENCE,PWA icon size reference; replace with generated Titan/company assets.,2247,047a25592d3065172d65bb11b3c44cbc5888368f4cc033dbeac5110739fb1872
MobileKit,HTML/assets/img/icon/192x192.png,02_MOBILEKIT/reuse_candidates/design_system/assets/img/icon/192x192.png,REFERENCE,PWA icon size reference; replace with generated Titan/company assets.,2716,1ab10ca9beed0813151df4d6d31e20c94750c69264246dd0a99ced5feaa6f3e3
MobileKit,HTML/assets/img/icon/384x384.png,02_MOBILEKIT/reuse_candidates/design_system/assets/img/icon/384x384.png,REFERENCE,PWA icon size reference; replace with generated Titan/company assets.,4624,d98590f5c1feb49e826ea39a3964dfc92b391ab7c5cef08df9ba7966bd088241
MobileKit,HTML/assets/img/icon/512x512.png,02_MOBILEKIT/reuse_candidates/design_system/assets/img/icon/512x512.png,REFERENCE,PWA icon size reference; replace with generated Titan/company assets.,5829,e8798131622e43598cd6f51cf04b3500056afefde7523826c49c831e660d0a42
MobileKit,HTML/assets/img/icon/72x72.png,02_MOBILEKIT/reuse_candidates/design_system/assets/img/icon/72x72.png,REFERENCE,PWA icon size reference; replace with generated Titan/company assets.,1500,fd80003540dcd7888c5b07d39de6e740e36f68b217d2e1a7103b123984003bf4
MobileKit,HTML/assets/img/icon/96x96.png,02_MOBILEKIT/reuse_candidates/design_system/assets/img/icon/96x96.png,REFERENCE,PWA icon size reference; replace with generated Titan/company assets.,1616,855bfdbbb5aea8d102b07afec2b28ddd2cb9fb78526853afc85dc30e4334c3b9
MobileKit,Documentation/plugin licenses/Bootstrap/LICENSE.txt,02_MOBILEKIT/third_party_licenses/Bootstrap/LICENSE.txt,LICENSE,Original third-party license text retained with extracted vendor code.,1130,99ecc185cd080798a8766c178fe352aa0800e227846f34b38b3abd517330459b
MobileKit,Documentation/plugin licenses/Bootstrap Icons/LICENSE.txt,02_MOBILEKIT/third_party_licenses/Bootstrap Icons/LICENSE.txt,LICENSE,Original third-party license text retained with extracted vendor code.,1092,96b19bb96ee378e615f9ea6f823a679cb9aa9faa32fe5f60331985cffcbbe2d2
MobileKit,Documentation/plugin licenses/Ionicons/LICENSE.txt,02_MOBILEKIT/third_party_licenses/Ionicons/LICENSE.txt,LICENSE,Original third-party license text retained with extracted vendor code.,1099,c89dabc60b2e4e1a04b33bd7010b5a56bb4725ffe8c00d793a5ae009fbbfebd8
MobileKit,Documentation/plugin licenses/Popperjs/LICENSE.txt,02_MOBILEKIT/third_party_licenses/Popperjs/LICENSE.txt,LICENSE,Original third-party license text retained with extracted vendor code.,1082,bf67e2c9b7974543bb18ced3a0b37f53729aaff953b442dd89a3adaf90fd93e8
MobileKit,Documentation/plugin licenses/ProgressBar.js/LICENSE.txt,02_MOBILEKIT/third_party_licenses/ProgressBar.js/LICENSE.txt,LICENSE,Original third-party license text retained with extracted vendor code.,1081,a4aa82bf7423e04a9984117f984010717c35a7e8ef7151548ed3e5f1117f32d8
MobileKit,Documentation/plugin licenses/ServiceWorker Cookbook/LICENSE.txt,02_MOBILEKIT/third_party_licenses/ServiceWorker Cookbook/LICENSE.txt,LICENSE,Original third-party license text retained with extracted vendor code.,1084,76e059a2918842ec5e53cf7c98a7361a244531037d070a7f500141962956f2e2
MobileKit,Documentation/plugin licenses/Splide/LICENSE.txt,02_MOBILEKIT/third_party_licenses/Splide/LICENSE.txt,LICENSE,Original third-party license text retained with extracted vendor code.,1081,484a35bd0dc21edec48b45d1d96db95eaf523eea420d4aae6162a16c3af26c5c
MobileKit,Documentation/plugin licenses/_Read_Me.txt,02_MOBILEKIT/third_party_licenses/_Read_Me.txt,LICENSE,Original third-party license text retained with extracted vendor code.,299,14a654be65ecc9d1495273b525330364d9d6c29c5b9b4b3fa6bbdf976ab44316
