symbol,occurrences,distinct_components,host_present,components,files
App\Domains\Engine\EngineServiceProvider,2,2,yes,13_HOST_INTEGRATION_REFERENCES/MagicAI_WorkCore_Selected | MagicAI + WorkCore host,donor:13_HOST_INTEGRATION_REFERENCES/MagicAI_WorkCore_Selected/app/Domains/Engine/EngineServiceProvider.php | host:app/Domains/Engine/EngineServiceProvider.php
App\Domains\WorkCore\Providers\BusinessNetworkServiceProvider,2,2,yes,13_HOST_INTEGRATION_REFERENCES/MagicAI_WorkCore_Selected | MagicAI + WorkCore host,donor:13_HOST_INTEGRATION_REFERENCES/MagicAI_WorkCore_Selected/app/Domains/WorkCore/Providers/BusinessNetworkServiceProvider.php | host:app/Domains/WorkCore/Providers/BusinessNetworkServiceProvider.php
App\Domains\WorkCore\Providers\CommercialServiceProvider,2,2,yes,13_HOST_INTEGRATION_REFERENCES/MagicAI_WorkCore_Selected | MagicAI + WorkCore host,donor:13_HOST_INTEGRATION_REFERENCES/MagicAI_WorkCore_Selected/app/Domains/WorkCore/Providers/CommercialServiceProvider.php | host:app/Domains/WorkCore/Providers/CommercialServiceProvider.php
App\Domains\WorkCore\Providers\PropertyOperationsServiceProvider,2,2,yes,13_HOST_INTEGRATION_REFERENCES/MagicAI_WorkCore_Selected | MagicAI + WorkCore host,donor:13_HOST_INTEGRATION_REFERENCES/MagicAI_WorkCore_Selected/app/Domains/WorkCore/Providers/PropertyOperationsServiceProvider.php | host:app/Domains/WorkCore/Providers/PropertyOperationsServiceProvider.php
App\Domains\WorkCore\Providers\WorkOperationsServiceProvider,2,2,yes,13_HOST_INTEGRATION_REFERENCES/MagicAI_WorkCore_Selected | MagicAI + WorkCore host,donor:13_HOST_INTEGRATION_REFERENCES/MagicAI_WorkCore_Selected/app/Domains/WorkCore/Providers/WorkOperationsServiceProvider.php | host:app/Domains/WorkCore/Providers/WorkOperationsServiceProvider.php
App\Domains\WorkCore\Providers\WorkforceAssuranceServiceProvider,2,2,yes,13_HOST_INTEGRATION_REFERENCES/MagicAI_WorkCore_Selected | MagicAI + WorkCore host,donor:13_HOST_INTEGRATION_REFERENCES/MagicAI_WorkCore_Selected/app/Domains/WorkCore/Providers/WorkforceAssuranceServiceProvider.php | host:app/Domains/WorkCore/Providers/WorkforceAssuranceServiceProvider.php
App\Domains\WorkCore\System\AI\Providers\WorkCoreAIServiceProvider,3,3,yes,13_HOST_INTEGRATION_REFERENCES/MagicAI_WorkCore_Selected | MagicAI + WorkCore host | Titan Zero Chatbot PWA,donor:13_HOST_INTEGRATION_REFERENCES/MagicAI_WorkCore_Selected/app/Domains/WorkCore/System/AI/Providers/WorkCoreAIServiceProvider.php | donor:03_LEARNER_PWA_AND_CHANNELS/Titan_Zero_Chatbot_PWA/System/TitanAI/workcore-runtime/native-runtime/app/Domains/WorkCore/System/AI/Providers/WorkCoreAIServiceProvider.php | host:app/Domains/WorkCore/System/AI/Providers/WorkCoreAIServiceProvider.php
App\Domains\WorkCore\System\Expansion\Providers\WorkExpansionServiceProvider,2,2,yes,13_HOST_INTEGRATION_REFERENCES/MagicAI_WorkCore_Selected | MagicAI + WorkCore host,donor:13_HOST_INTEGRATION_REFERENCES/MagicAI_WorkCore_Selected/app/Domains/WorkCore/System/Expansion/Providers/WorkExpansionServiceProvider.php | host:app/Domains/WorkCore/System/Expansion/Providers/WorkExpansionServiceProvider.php
App\Domains\WorkCore\System\Intelligence\Providers\WorkCoreIntelligenceServiceProvider,2,2,yes,13_HOST_INTEGRATION_REFERENCES/MagicAI_WorkCore_Selected | MagicAI + WorkCore host,donor:13_HOST_INTEGRATION_REFERENCES/MagicAI_WorkCore_Selected/app/Domains/WorkCore/System/Intelligence/Providers/WorkCoreIntelligenceServiceProvider.php | host:app/Domains/WorkCore/System/Intelligence/Providers/WorkCoreIntelligenceServiceProvider.php
App\Domains\WorkCore\System\Modules\Assets\Providers\WorkAssetsServiceProvider,2,2,yes,13_HOST_INTEGRATION_REFERENCES/MagicAI_WorkCore_Selected | MagicAI + WorkCore host,donor:13_HOST_INTEGRATION_REFERENCES/MagicAI_WorkCore_Selected/app/Domains/WorkCore/System/Modules/Assets/Providers/WorkAssetsServiceProvider.php | host:app/Domains/WorkCore/System/Modules/Assets/Providers/WorkAssetsServiceProvider.php
App\Domains\WorkCore\System\Modules\AttendanceVerification\Providers\WorkAttendanceVerificationServiceProvider,2,2,yes,13_HOST_INTEGRATION_REFERENCES/MagicAI_WorkCore_Selected | MagicAI + WorkCore host,donor:13_HOST_INTEGRATION_REFERENCES/MagicAI_WorkCore_Selected/app/Domains/WorkCore/System/Modules/AttendanceVerification/Providers/WorkAttendanceVerificationServiceProvider.php | host:app/Domains/WorkCore/System/Modules/AttendanceVerification/Providers/WorkAttendanceVerificationServiceProvider.php
App\Domains\WorkCore\System\Modules\Attendance\Providers\WorkAttendanceServiceProvider,2,2,yes,13_HOST_INTEGRATION_REFERENCES/MagicAI_WorkCore_Selected | MagicAI + WorkCore host,donor:13_HOST_INTEGRATION_REFERENCES/MagicAI_WorkCore_Selected/app/Domains/WorkCore/System/Modules/Attendance/Providers/WorkAttendanceServiceProvider.php | host:app/Domains/WorkCore/System/Modules/Attendance/Providers/WorkAttendanceServiceProvider.php
App\Domains\WorkCore\System\Modules\Compliance\Providers\WorkComplianceServiceProvider,2,2,yes,13_HOST_INTEGRATION_REFERENCES/MagicAI_WorkCore_Selected | MagicAI + WorkCore host,donor:13_HOST_INTEGRATION_REFERENCES/MagicAI_WorkCore_Selected/app/Domains/WorkCore/System/Modules/Compliance/Providers/WorkComplianceServiceProvider.php | host:app/Domains/WorkCore/System/Modules/Compliance/Providers/WorkComplianceServiceProvider.php
App\Domains\WorkCore\System\Modules\Dispatch\Providers\WorkDispatchServiceProvider,2,2,yes,13_HOST_INTEGRATION_REFERENCES/MagicAI_WorkCore_Selected | MagicAI + WorkCore host,donor:13_HOST_INTEGRATION_REFERENCES/MagicAI_WorkCore_Selected/app/Domains/WorkCore/System/Modules/Dispatch/Providers/WorkDispatchServiceProvider.php | host:app/Domains/WorkCore/System/Modules/Dispatch/Providers/WorkDispatchServiceProvider.php
App\Domains\WorkCore\System\Modules\Forms\Providers\WorkFormsServiceProvider,2,2,yes,13_HOST_INTEGRATION_REFERENCES/MagicAI_WorkCore_Selected | MagicAI + WorkCore host,donor:13_HOST_INTEGRATION_REFERENCES/MagicAI_WorkCore_Selected/app/Domains/WorkCore/System/Modules/Forms/Providers/WorkFormsServiceProvider.php | host:app/Domains/WorkCore/System/Modules/Forms/Providers/WorkFormsServiceProvider.php
App\Domains\WorkCore\System\Modules\KnowledgeBase\Providers\WorkKnowledgeBaseServiceProvider,2,2,yes,13_HOST_INTEGRATION_REFERENCES/MagicAI_WorkCore_Selected | MagicAI + WorkCore host,donor:13_HOST_INTEGRATION_REFERENCES/MagicAI_WorkCore_Selected/app/Domains/WorkCore/System/Modules/KnowledgeBase/Providers/WorkKnowledgeBaseServiceProvider.php | host:app/Domains/WorkCore/System/Modules/KnowledgeBase/Providers/WorkKnowledgeBaseServiceProvider.php
App\Domains\WorkCore\System\Modules\Operations\Providers\WorkOperationsServiceProvider,2,2,yes,13_HOST_INTEGRATION_REFERENCES/MagicAI_WorkCore_Selected | MagicAI + WorkCore host,donor:13_HOST_INTEGRATION_REFERENCES/MagicAI_WorkCore_Selected/app/Domains/WorkCore/System/Modules/Operations/Providers/WorkOperationsServiceProvider.php | host:app/Domains/WorkCore/System/Modules/Operations/Providers/WorkOperationsServiceProvider.php
App\Domains\WorkCore\System\Modules\People\Providers\WorkPeopleServiceProvider,2,2,yes,13_HOST_INTEGRATION_REFERENCES/MagicAI_WorkCore_Selected | MagicAI + WorkCore host,donor:13_HOST_INTEGRATION_REFERENCES/MagicAI_WorkCore_Selected/app/Domains/WorkCore/System/Modules/People/Providers/WorkPeopleServiceProvider.php | host:app/Domains/WorkCore/System/Modules/People/Providers/WorkPeopleServiceProvider.php
App\Domains\WorkCore\System\Modules\Premises\Providers\AuthServiceProvider,2,2,yes,13_HOST_INTEGRATION_REFERENCES/MagicAI_WorkCore_Selected | MagicAI + WorkCore host,donor:13_HOST_INTEGRATION_REFERENCES/MagicAI_WorkCore_Selected/app/Domains/WorkCore/System/Modules/Premises/Providers/AuthServiceProvider.php | host:app/Domains/WorkCore/System/Modules/Premises/Providers/AuthServiceProvider.php
App\Domains\WorkCore\System\Modules\Premises\Providers\EventServiceProvider,2,2,yes,13_HOST_INTEGRATION_REFERENCES/MagicAI_WorkCore_Selected | MagicAI + WorkCore host,donor:13_HOST_INTEGRATION_REFERENCES/MagicAI_WorkCore_Selected/app/Domains/WorkCore/System/Modules/Premises/Providers/EventServiceProvider.php | host:app/Domains/WorkCore/System/Modules/Premises/Providers/EventServiceProvider.php
App\Domains\WorkCore\System\Modules\Premises\Providers\WorkPremisesServiceProvider,2,2,yes,13_HOST_INTEGRATION_REFERENCES/MagicAI_WorkCore_Selected | MagicAI + WorkCore host,donor:13_HOST_INTEGRATION_REFERENCES/MagicAI_WorkCore_Selected/app/Domains/WorkCore/System/Modules/Premises/Providers/WorkPremisesServiceProvider.php | host:app/Domains/WorkCore/System/Modules/Premises/Providers/WorkPremisesServiceProvider.php
App\Domains\WorkCore\System\Modules\Scheduling\Providers\WorkSchedulingServiceProvider,2,2,yes,13_HOST_INTEGRATION_REFERENCES/MagicAI_WorkCore_Selected | MagicAI + WorkCore host,donor:13_HOST_INTEGRATION_REFERENCES/MagicAI_WorkCore_Selected/app/Domains/WorkCore/System/Modules/Scheduling/Providers/WorkSchedulingServiceProvider.php | host:app/Domains/WorkCore/System/Modules/Scheduling/Providers/WorkSchedulingServiceProvider.php
App\Domains\WorkCore\System\Modules\TitanVault\Providers\WorkTitanVaultServiceProvider,2,2,yes,13_HOST_INTEGRATION_REFERENCES/MagicAI_WorkCore_Selected | MagicAI + WorkCore host,donor:13_HOST_INTEGRATION_REFERENCES/MagicAI_WorkCore_Selected/app/Domains/WorkCore/System/Modules/TitanVault/Providers/WorkTitanVaultServiceProvider.php | host:app/Domains/WorkCore/System/Modules/TitanVault/Providers/WorkTitanVaultServiceProvider.php
App\Domains\WorkCore\System\Modules\Wizards\Providers\WorkWizardsServiceProvider,2,2,yes,13_HOST_INTEGRATION_REFERENCES/MagicAI_WorkCore_Selected | MagicAI + WorkCore host,donor:13_HOST_INTEGRATION_REFERENCES/MagicAI_WorkCore_Selected/app/Domains/WorkCore/System/Modules/Wizards/Providers/WorkWizardsServiceProvider.php | host:app/Domains/WorkCore/System/Modules/Wizards/Providers/WorkWizardsServiceProvider.php
App\Domains\WorkCore\System\Modules\Workforce\Providers\WorkWorkforceServiceProvider,2,2,yes,13_HOST_INTEGRATION_REFERENCES/MagicAI_WorkCore_Selected | MagicAI + WorkCore host,donor:13_HOST_INTEGRATION_REFERENCES/MagicAI_WorkCore_Selected/app/Domains/WorkCore/System/Modules/Workforce/Providers/WorkWorkforceServiceProvider.php | host:app/Domains/WorkCore/System/Modules/Workforce/Providers/WorkWorkforceServiceProvider.php
App\Domains\WorkCore\System\Verticals\Providers\WorkCoreVerticalOperationsServiceProvider,2,2,yes,13_HOST_INTEGRATION_REFERENCES/MagicAI_WorkCore_Selected | MagicAI + WorkCore host,donor:13_HOST_INTEGRATION_REFERENCES/MagicAI_WorkCore_Selected/app/Domains/WorkCore/System/Verticals/Providers/WorkCoreVerticalOperationsServiceProvider.php | host:app/Domains/WorkCore/System/Verticals/Providers/WorkCoreVerticalOperationsServiceProvider.php
App\Domains\WorkCore\WorkCoreServiceProvider,2,2,yes,13_HOST_INTEGRATION_REFERENCES/MagicAI_WorkCore_Selected | MagicAI + WorkCore host,donor:13_HOST_INTEGRATION_REFERENCES/MagicAI_WorkCore_Selected/app/Domains/WorkCore/WorkCoreServiceProvider.php | host:app/Domains/WorkCore/WorkCoreServiceProvider.php
App\Extensions\ModelCouncil\System\ModelCouncilServiceProvider,2,2,no,04_AI_AUTHORING_STUDIO/model-council | Titan Zero Chatbot PWA,donor:04_AI_AUTHORING_STUDIO/Base_App_System_Extensions/model-council/System\ModelCouncilServiceProvider.php | donor:03_LEARNER_PWA_AND_CHANNELS/Titan_Zero_Chatbot_PWA/System/TitanAI/model-routing/model-council/System/ModelCouncilServiceProvider.php
App\Providers\AppServiceProvider,2,2,yes,MagicAI + WorkCore host | Titan Train v0.7.0,donor:01_TITAN_TRAIN_CANONICAL_CORE/Titan_Train_v0.7.0/app/Providers/AppServiceProvider.php | host:app/Providers/AppServiceProvider.php
